Nodo_ID,Lat_Nodo,Lng_Nodo,2016-03,2016-04,2016-05,2016-06,2016-07,2016-08,2016-09,2016-10,2016-11,2016-12,2017-01,2017-02,2017-03,2017-04,2017-05,2017-06,2017-07,2017-08,2017-09,2017-10,2017-11,2017-12,2018-01,2018-02,2018-03,2018-04,2018-05,2018-06,2018-07,2018-08,2018-09,2018-10,2018-11,2018-12,2019-01,2019-02,2019-03,2019-04,2019-05,2019-06,2019-07,2019-08,2019-09,2019-10,2019-11,2019-12,2020-01,2020-02,2020-03,2020-04,2020-05,2020-06,2020-07,2020-08,2020-09,2020-10,2020-11,2020-12,2021-01,2021-02,2021-03,2021-04,2021-05,2021-06,2021-07,2021-08,2021-09,2021-10,2021-11,2021-12,2022-01,2022-02,2022-03,2022-04,2022-05,2022-06,2022-07,2022-08,2022-09,2022-10,2022-11,2022-12,2023-01,2023-02,2023-03
33.91_-118.26,33.91,-118.26,0,0,0,0,0,0,0,0,0,1,2,2,1,0,0,1,0,0,0,1,0,0,0,0,0,0,0,0,1,0,0,0,0,0,0,1,0,0,0,0,0,0,0,0,1,0,0,0,0,1,0,0,0,0,0,3,4,0,8,2,0,0,0,2,2,1,0,2,0,0,1,1,3,1,0,1,0,2,1,0,1,2,2,2,0
33.91_-118.27,33.91,-118.27,2,1,1,5,3,7,3,5,6,2,1,2,2,3,1,4,3,1,6,1,1,4,1,4,2,7,2,1,5,2,3,2,11,2,1,0,2,3,4,2,0,1,5,5,4,2,4,6,4,3,2,5,0,3,1,6,7,10,11,7,1,2,1,4,2,4,5,5,3,1,5,1,4,5,2,6,6,6,12,2,5,12,11,3,0
33.91_-118.28,33.91,-118.28,0,0,0,2,0,0,3,0,1,2,2,1,1,2,1,0,2,1,0,0,0,0,0,2,0,0,0,2,0,3,1,4,1,0,1,0,0,1,0,2,2,1,1,2,0,2,2,4,0,4,1,5,1,1,1,4,3,6,3,7,0,1,0,1,0,0,0,0,1,2,0,2,3,3,1,4,3,1,0,0,3,6,0,1,1
33.92_-118.23,33.92,-118.23,0,0,0,1,0,0,0,0,0,0,0,0,0,0,0,0,0,0,0,0,0,0,0,0,1,0,0,0,0,1,0,3,0,0,1,1,0,0,0,0,0,0,1,0,1,0,0,0,0,0,0,0,1,0,0,2,2,0,0,2,0,0,1,1,1,1,1,0,0,0,0,0,0,2,0,0,0,0,1,0,1,0,3,0,0
33.92_-118.24,33.92,-118.24,0,2,0,1,0,2,1,0,3,1,1,4,1,1,0,0,0,2,4,0,1,0,2,2,0,0,2,0,1,1,1,2,1,0,5,1,0,1,0,1,0,1,2,3,0,1,1,1,1,3,0,0,2,1,1,1,10,8,3,5,1,0,0,1,1,1,1,0,0,0,2,2,3,6,2,2,1,2,4,0,2,1,5,3,1
33.92_-118.25,33.92,-118.25,0,0,3,2,3,1,2,5,1,4,1,3,3,0,2,3,0,1,4,1,1,0,1,0,0,2,1,2,1,2,0,1,1,0,0,2,2,2,2,0,2,2,2,3,4,2,1,2,1,2,1,1,0,1,4,2,10,6,11,7,7,5,3,10,3,6,1,7,5,4,2,10,4,9,3,3,10,8,6,0,2,6,6,3,3
33.92_-118.26,33.92,-118.26,0,2,1,0,0,0,0,1,1,0,0,0,2,0,0,0,1,0,1,0,0,0,1,1,0,0,1,0,0,1,0,4,1,0,1,0,0,0,0,1,1,1,1,4,2,3,3,1,2,1,0,3,1,0,1,4,3,1,0,4,0,0,0,4,1,1,8,7,3,16,0,1,2,9,2,2,1,5,2,0,7,3,1,2,0
33.92_-118.27,33.92,-118.27,1,8,5,7,5,8,1,7,7,8,3,4,7,5,4,7,6,9,10,0,2,3,7,4,5,13,4,3,6,15,7,13,6,2,4,6,0,13,4,4,3,8,15,13,8,14,10,12,21,11,4,12,2,4,3,9,13,11,10,6,5,3,1,14,18,9,35,4,18,22,8,8,8,23,6,15,4,11,11,1,5,9,16,7,4
33.92_-118.28,33.92,-118.28,1,3,6,10,6,7,1,3,8,2,5,5,2,7,4,6,0,1,3,5,7,2,4,1,3,3,4,4,6,4,6,2,7,7,5,3,4,3,4,1,4,2,12,8,4,4,7,12,17,15,12,9,2,0,3,16,13,21,13,7,11,3,2,13,13,7,6,5,3,17,10,15,8,11,20,11,4,0,18,6,8,19,11,8,5
33.92_-118.29,33.92,-118.29,0,8,4,9,5,8,8,9,13,6,6,5,11,11,4,8,4,2,6,6,5,7,9,5,9,12,7,6,4,11,9,7,8,5,1,3,5,4,3,2,6,7,11,17,2,17,12,11,17,10,6,8,2,1,1,5,15,9,5,10,1,0,2,2,2,7,7,3,8,10,3,5,4,9,1,4,6,5,10,3,6,5,5,6,5
33.92_-118.3,33.92,-118.3,1,5,4,0,3,2,3,1,4,2,1,2,1,3,3,1,1,3,3,1,2,0,0,4,2,0,5,1,3,2,3,3,3,1,3,2,4,2,2,1,2,1,2,0,0,6,1,3,1,1,2,2,0,0,0,3,6,16,4,4,1,1,2,3,3,0,4,1,0,0,5,2,9,5,2,1,6,3,6,4,2,3,1,2,7
33.92_-118.31,33.92,-118.31,0,3,1,2,3,3,4,1,3,3,4,0,0,0,2,3,3,5,5,0,1,1,1,2,1,2,5,3,0,3,4,6,4,2,3,4,0,3,2,1,1,4,3,2,2,4,3,4,3,1,3,0,0,0,1,1,2,1,0,1,0,1,2,2,4,0,2,3,9,6,1,0,7,3,1,0,0,3,2,1,0,8,1,0,1
33.93_-118.23,33.93,-118.23,2,4,7,5,7,3,4,5,2,6,6,7,6,6,3,3,3,1,3,5,3,6,3,4,5,5,5,4,7,4,4,4,3,3,5,5,5,1,2,3,2,3,10,14,8,19,11,18,12,12,10,13,3,1,4,9,15,12,14,9,7,7,0,19,5,7,8,5,19,4,8,8,8,16,12,6,11,6,8,6,9,11,21,3,3
33.93_-118.24,33.93,-118.24,5,12,22,15,12,15,8,14,17,14,16,7,14,12,12,9,8,8,7,14,18,4,13,8,14,9,12,11,14,10,11,8,8,10,10,10,6,13,6,2,5,7,25,23,19,29,29,21,29,30,12,13,7,6,18,44,36,30,27,25,20,8,14,17,11,13,8,3,3,32,12,23,13,27,9,12,16,13,10,6,14,16,21,11,3
33.93_-118.25,33.93,-118.25,8,19,12,15,11,13,10,16,20,17,14,9,10,12,15,10,15,10,14,13,9,13,7,11,9,9,10,11,18,12,11,6,13,8,18,13,11,16,17,15,7,18,36,24,24,37,25,20,20,25,32,21,7,4,11,9,34,37,29,33,12,12,19,16,13,21,32,14,20,9,7,48,14,22,19,8,14,17,17,5,16,21,15,12,4
33.93_-118.26,33.93,-118.26,1,2,4,2,3,3,6,5,0,1,1,1,4,2,3,2,4,2,5,3,0,2,4,1,2,4,1,2,3,3,3,2,1,2,5,0,4,0,2,1,1,1,3,5,0,1,1,3,1,3,8,2,1,1,2,2,5,8,14,0,2,4,7,13,9,13,11,52,14,9,7,21,10,19,15,9,12,7,11,12,18,8,4,7,4
33.93_-118.27,33.93,-118.27,0,3,2,8,3,2,6,6,6,1,4,2,5,2,2,2,2,1,6,2,2,3,2,5,1,3,2,5,4,2,1,5,4,1,0,0,3,2,4,1,2,1,4,3,1,9,1,2,2,10,13,5,2,0,8,6,19,10,9,6,9,2,9,20,4,2,11,6,5,6,4,13,10,26,30,5,16,16,16,18,12,11,11,7,1
33.93_-118.28,33.93,-118.28,4,22,19,31,17,25,25,29,32,34,19,21,27,19,19,23,23,19,18,27,26,22,22,30,19,18,29,26,17,26,13,25,15,16,33,12,20,22,20,19,22,14,15,47,28,53,28,45,35,15,25,34,12,15,25,39,47,36,34,46,16,21,17,28,40,24,32,16,39,32,18,38,34,32,29,33,35,49,31,14,25,49,29,19,21
33.93_-118.29,33.93,-118.29,8,14,16,24,18,34,13,22,25,14,19,13,29,26,12,22,12,17,11,24,7,14,17,20,19,29,13,17,23,22,20,21,14,16,18,11,16,13,12,15,8,22,43,45,20,30,36,39,39,28,23,19,5,2,16,32,36,29,23,34,15,14,20,19,22,15,19,21,40,33,13,41,36,49,17,16,24,23,23,13,16,19,31,18,14
33.93_-118.3,33.93,-118.3,1,10,14,6,6,9,6,9,8,9,7,4,19,12,7,15,6,4,7,6,11,4,2,2,2,10,5,15,6,5,7,9,10,7,12,7,5,6,7,3,2,8,16,24,17,14,10,25,17,4,9,17,6,2,4,7,23,24,12,26,2,11,13,7,10,7,9,12,5,6,23,14,6,18,22,10,10,26,20,15,22,13,14,19,7
33.93_-118.31,33.93,-118.31,0,2,3,5,5,7,6,1,10,2,3,2,11,4,4,6,1,4,6,2,0,2,0,4,9,5,7,4,6,4,4,6,3,0,3,1,3,4,2,5,6,3,10,18,4,11,13,4,5,7,9,8,0,2,9,14,9,9,6,22,19,15,10,49,14,22,13,6,29,6,27,30,14,33,17,9,5,7,11,6,10,10,15,6,4
33.93_-118.32,33.93,-118.32,0,0,0,0,0,0,0,1,2,0,0,0,0,1,0,0,0,0,0,0,1,0,0,0,0,1,1,0,0,1,0,0,0,3,2,0,2,0,0,1,0,0,1,0,1,2,2,0,0,0,1,0,0,0,0,0,4,0,0,1,0,0,0,0,0,0,2,3,0,0,0,0,0,1,0,1,0,1,1,0,1,1,3,1,0
33.93_-118.37,33.93,-118.37,0,2,7,1,3,1,6,3,2,1,0,1,1,1,3,2,3,5,1,3,2,2,3,3,3,5,1,5,4,11,6,10,6,2,1,3,8,4,11,2,2,7,5,6,5,17,8,7,9,3,2,1,0,3,1,10,7,9,12,7,7,6,12,13,16,9,11,8,6,7,5,13,11,13,16,12,13,18,12,5,16,11,6,13,3
33.93_-118.38,33.93,-118.38,0,3,0,1,3,2,1,0,3,4,2,1,0,1,0,2,0,0,1,2,1,1,2,0,2,3,0,2,4,7,0,3,1,1,1,1,3,1,2,0,0,4,3,0,2,2,4,0,4,0,0,1,0,0,2,0,2,3,1,0,1,0,2,5,3,2,1,2,5,7,1,0,2,2,2,5,1,5,4,0,1,2,2,0,3
33.93_-118.39,33.93,-118.39,0,0,4,2,0,3,1,1,0,2,0,3,0,1,0,1,1,0,0,0,2,1,1,1,0,1,0,0,0,1,0,0,1,0,0,0,1,0,0,1,1,0,0,0,0,0,0,0,1,1,0,1,0,1,0,1,0,7,1,1,1,4,0,1,0,1,1,1,1,0,3,0,2,3,0,4,0,4,0,1,2,2,7,0,1
33.93_-118.4,33.93,-118.4,0,1,2,1,0,0,2,0,0,0,0,0,0,1,0,0,0,0,0,0,1,0,1,1,0,1,0,0,1,0,0,1,0,2,1,2,0,0,0,3,1,4,5,4,1,11,5,10,9,6,3,3,0,2,1,0,2,1,0,1,2,5,2,4,1,3,3,0,2,1,0,1,0,2,0,0,0,2,1,0,1,1,2,3,0
33.94_-118.23,33.94,-118.23,0,0,3,2,0,1,6,2,1,1,1,0,2,0,2,0,0,2,1,1,1,1,1,0,0,0,1,0,0,3,2,2,0,0,0,0,2,0,1,0,0,0,1,2,0,2,0,6,3,1,2,3,0,0,2,0,1,8,5,8,1,0,2,0,2,5,1,4,6,3,1,3,1,6,1,2,5,3,2,3,0,0,8,1,0
33.94_-118.24,33.94,-118.24,0,1,0,0,0,0,0,0,0,1,0,1,0,0,0,1,0,0,0,0,0,1,0,0,0,0,0,0,1,0,1,0,0,0,0,0,0,0,0,0,0,0,0,0,2,0,0,0,0,0,1,0,0,0,0,3,0,0,0,0,0,0,2,0,0,1,0,0,1,0,0,0,0,0,0,0,0,0,1,0,0,1,0,0,0
33.94_-118.25,33.94,-118.25,0,0,0,1,0,0,1,0,0,0,2,0,1,0,0,1,0,0,0,0,1,0,0,0,0,0,1,0,0,0,0,0,0,0,1,0,0,0,1,4,0,1,0,1,0,3,2,0,0,0,0,0,0,0,1,0,2,0,0,0,0,0,0,0,0,2,0,0,0,2,0,1,0,0,1,2,0,0,3,0,2,6,0,0,0
33.94_-118.27,33.94,-118.27,0,0,0,0,0,0,0,0,0,0,2,0,1,1,0,1,0,0,0,1,1,0,0,0,0,0,0,0,0,0,1,0,0,0,0,0,1,0,0,1,0,0,1,3,0,0,0,2,0,0,0,2,0,0,0,0,0,1,0,0,0,0,0,0,2,0,2,3,0,0,0,0,0,0,0,0,0,0,0,0,2,0,0,0,0
33.94_-118.28,33.94,-118.28,0,3,0,7,2,1,5,2,0,1,2,1,0,0,3,3,2,2,5,0,1,2,2,4,4,2,4,1,1,2,1,1,3,2,1,0,0,7,0,0,0,2,6,8,5,16,12,4,10,9,9,7,1,0,19,44,41,27,17,19,19,11,7,19,22,22,23,14,12,13,15,19,10,25,16,9,27,21,23,14,16,24,22,16,16
33.94_-118.29,33.94,-118.29,2,7,2,2,1,0,2,1,4,5,3,2,3,1,2,2,4,3,2,1,2,0,1,0,2,2,0,1,3,2,0,4,5,2,5,0,2,1,1,0,1,2,6,4,6,3,5,7,4,4,4,3,0,0,4,2,13,22,7,5,0,0,7,0,1,0,3,1,6,2,6,3,5,5,7,2,4,0,1,4,5,7,8,5,4
33.94_-118.3,33.94,-118.3,1,5,5,6,5,8,3,5,5,3,3,4,4,3,2,4,3,8,2,4,4,4,3,5,3,4,3,0,2,1,7,3,5,2,3,2,2,3,0,1,2,4,9,3,5,6,3,3,4,5,4,4,3,1,10,5,17,26,12,7,1,2,1,1,1,2,2,1,1,1,2,7,6,5,12,16,7,14,8,4,13,17,18,2,5
33.94_-118.31,33.94,-118.31,0,1,3,2,4,3,1,0,2,0,2,1,2,2,1,2,0,4,1,2,0,0,1,2,3,1,2,1,0,1,2,1,0,0,1,1,1,0,0,3,1,2,4,4,1,4,0,3,3,1,1,4,3,0,0,3,4,13,4,2,0,2,2,1,2,2,0,1,3,1,2,2,1,5,3,5,3,6,4,1,1,9,3,2,1
33.94_-118.32,33.94,-118.32,0,1,1,0,0,0,0,0,0,1,0,0,0,0,0,1,0,0,1,0,0,0,1,0,1,0,0,0,1,0,1,1,0,2,0,0,1,1,3,1,2,0,2,3,1,0,1,1,1,1,1,1,0,1,0,0,3,3,0,1,0,0,2,0,0,0,4,0,1,0,1,0,0,2,0,2,1,2,1,1,2,4,2,0,0
33.94_-118.37,33.94,-118.37,0,1,0,2,1,1,1,3,2,1,0,0,0,1,0,2,0,0,1,1,0,1,0,0,0,0,0,1,2,0,0,1,0,0,0,0,1,0,0,1,0,0,1,1,1,1,1,1,0,3,0,0,0,0,0,0,0,0,0,0,1,1,1,0,0,0,0,0,0,0,0,0,0,2,0,1,0,0,0,0,0,1,0,1,0
33.95_-118.23,33.95,-118.23,2,2,4,5,4,3,7,4,3,5,1,2,2,1,2,2,3,2,3,2,2,1,1,3,1,2,0,1,5,8,3,4,2,2,1,1,1,2,3,0,0,6,7,2,5,3,2,4,1,6,1,3,1,3,0,1,11,17,5,21,0,0,2,0,5,4,14,8,7,7,7,3,2,27,5,10,5,22,6,10,9,3,11,4,2
33.95_-118.24,33.95,-118.24,0,2,1,2,1,0,1,1,2,2,0,0,3,4,0,3,0,1,1,2,2,1,1,0,2,1,2,0,2,0,3,2,0,0,0,1,0,1,0,0,0,1,0,1,0,0,0,1,0,2,0,0,0,0,0,2,8,4,1,10,0,0,2,4,2,3,0,3,0,0,3,2,5,7,3,1,4,3,4,1,3,1,1,3,3
33.95_-118.25,33.95,-118.25,1,2,3,3,3,5,0,3,5,5,1,1,0,2,3,5,2,2,5,1,1,1,0,2,3,3,1,1,2,2,1,4,1,0,1,2,0,1,1,2,0,1,3,5,3,0,3,0,1,1,4,0,0,0,3,9,6,7,6,5,0,0,4,3,4,2,1,2,6,1,7,2,3,4,0,6,5,11,14,0,0,9,3,6,2
33.95_-118.27,33.95,-118.27,0,0,0,0,1,0,3,0,1,0,0,2,1,1,0,0,0,0,0,0,0,0,0,0,1,1,0,0,0,1,1,0,0,1,0,0,0,0,0,0,0,0,0,0,0,0,0,0,0,0,0,0,1,0,0,0,0,0,0,0,1,0,0,0,2,0,0,1,0,2,0,0,0,2,3,0,2,0,0,0,0,0,0,0,0
33.95_-118.28,33.95,-118.28,1,9,4,7,4,5,4,2,4,6,8,5,2,9,5,6,2,4,5,8,5,9,5,7,7,4,10,3,8,3,6,4,14,4,14,2,4,3,3,2,6,2,10,20,7,17,19,18,11,9,19,14,6,4,11,16,29,32,14,23,6,8,10,4,11,4,11,10,12,16,5,15,16,17,12,16,19,22,18,13,10,16,14,11,11
33.95_-118.29,33.95,-118.29,1,3,4,4,2,5,3,1,1,3,2,1,3,7,2,4,8,2,2,1,6,1,4,1,2,3,1,7,1,3,6,2,4,4,3,4,3,4,1,4,1,0,9,13,9,5,8,9,6,4,7,5,3,1,3,2,11,20,2,7,0,2,1,2,2,7,4,5,4,2,4,3,1,10,2,9,7,6,5,4,3,15,6,4,4
33.95_-118.3,33.95,-118.3,2,6,2,5,4,9,3,2,7,6,4,5,4,7,2,8,3,3,8,2,1,1,1,5,2,1,3,1,4,4,1,4,6,2,7,7,1,5,5,1,3,8,22,14,8,9,16,7,6,9,10,13,4,2,6,4,21,27,21,4,1,5,7,8,5,10,6,31,2,1,8,9,10,8,7,5,14,4,10,11,8,10,16,5,3
33.95_-118.31,33.95,-118.31,0,1,2,0,0,0,2,0,0,1,1,3,0,0,0,0,0,1,0,0,0,0,1,0,0,0,0,0,0,0,0,0,0,0,1,0,0,0,0,0,0,1,0,0,0,0,0,0,0,1,0,2,0,0,1,0,0,4,1,2,1,5,2,0,0,14,14,0,2,0,0,1,0,2,2,0,0,2,1,0,0,3,1,2,0
33.95_-118.32,33.95,-118.32,0,0,0,1,0,0,3,1,2,0,0,0,0,0,0,0,0,0,0,1,0,0,0,1,1,0,1,0,0,1,1,0,0,0,0,0,0,0,0,0,0,0,0,1,0,4,1,3,2,2,1,2,0,0,0,0,0,0,0,0,0,0,0,0,0,0,0,2,3,0,0,1,0,0,0,0,2,1,0,0,0,0,0,0,0
33.95_-118.37,33.95,-118.37,0,0,0,1,0,0,2,0,0,0,0,0,0,0,0,0,0,0,0,0,0,1,0,0,0,0,1,0,0,0,0,1,0,0,1,1,0,1,0,0,0,1,3,3,2,3,5,0,2,0,0,0,0,0,0,0,3,1,1,2,0,0,3,0,0,0,0,0,1,12,0,0,0,1,0,0,2,0,0,0,2,0,1,0,0
33.95_-118.38,33.95,-118.38,0,0,0,0,0,0,0,0,0,0,0,0,0,0,0,0,0,1,0,0,0,0,1,0,0,0,0,0,1,0,0,0,0,0,0,0,0,0,1,0,0,0,0,1,1,0,0,1,0,0,0,0,0,0,0,0,0,0,0,0,0,0,0,13,0,0,0,0,0,1,1,2,0,0,0,0,0,0,0,0,0,0,0,0,0
33.95_-118.39,33.95,-118.39,0,1,0,1,0,0,1,2,0,0,0,0,0,0,0,0,0,0,0,0,0,0,0,0,0,0,0,0,0,0,0,0,0,0,0,0,0,0,0,0,0,0,0,0,0,1,0,0,0,0,0,0,0,0,0,0,0,0,0,0,0,1,0,2,0,0,3,2,1,1,0,0,0,2,0,0,0,0,0,0,0,0,0,0,0
33.96_-118.23,33.96,-118.23,1,2,3,7,6,4,6,6,4,4,2,1,2,4,5,4,3,5,8,2,0,3,1,3,1,4,2,3,4,4,1,11,4,2,0,4,3,3,3,0,1,3,3,6,3,2,3,9,8,2,11,7,1,0,3,10,23,27,13,21,4,0,16,31,16,0,4,73,21,44,2,9,35,2,39,5,3,17,5,2,6,4,14,4,1
33.96_-118.24,33.96,-118.24,2,6,8,8,2,9,4,5,4,5,5,2,5,2,3,9,2,5,4,2,4,4,2,3,6,3,4,5,4,2,2,3,7,1,2,1,0,6,3,1,3,2,11,9,5,6,4,6,1,9,5,8,3,2,9,7,6,8,21,11,2,1,3,1,0,2,3,1,7,2,4,13,5,10,14,11,9,10,14,5,10,20,6,9,1
33.96_-118.25,33.96,-118.25,2,9,1,1,6,8,6,5,5,3,5,3,9,6,4,4,4,5,4,5,2,1,3,3,7,8,9,5,6,7,5,8,1,3,4,4,3,9,5,7,1,4,7,10,2,7,6,18,5,6,10,5,1,3,3,9,21,24,15,14,4,2,2,11,9,6,7,5,4,2,11,16,13,18,11,2,3,14,21,10,11,9,16,6,7
33.96_-118.26,33.96,-118.26,0,1,0,2,0,4,0,5,0,0,1,1,1,2,3,2,0,2,0,0,0,1,0,0,1,0,0,1,0,0,0,0,0,0,0,0,2,0,1,0,0,1,0,3,1,0,0,2,3,1,1,0,0,0,2,2,10,0,3,0,3,0,0,5,1,0,0,1,4,2,1,6,5,2,0,2,0,4,4,1,1,3,4,4,1
33.96_-118.27,33.96,-118.27,0,1,0,0,0,0,0,0,0,1,0,0,0,0,0,0,0,0,0,1,0,0,0,0,0,1,0,1,0,0,0,0,0,0,0,0,0,0,0,0,0,0,1,0,1,0,2,0,0,1,0,2,0,0,1,1,0,0,2,0,0,1,0,0,1,2,0,0,0,2,0,0,3,0,0,1,0,0,0,1,0,0,0,0,0
33.96_-118.28,33.96,-118.28,9,4,15,26,7,11,17,19,17,19,12,12,10,19,17,21,7,18,11,12,19,17,19,12,12,21,20,23,16,14,10,9,13,14,28,4,8,14,6,12,14,7,29,38,34,51,36,28,20,20,35,34,16,5,13,32,35,55,36,82,25,46,24,40,28,69,77,68,75,116,13,49,30,46,41,22,25,13,20,3,9,26,25,17,10
33.96_-118.29,33.96,-118.29,0,0,1,2,0,1,1,1,2,0,0,1,1,1,0,6,2,2,1,1,0,0,0,3,1,1,0,1,3,2,1,0,1,1,2,4,1,1,0,0,0,1,2,4,1,6,4,1,1,0,1,1,0,1,1,8,19,24,33,19,30,24,3,7,6,11,16,14,12,13,2,14,4,12,8,0,0,1,1,2,6,2,1,2,3
33.96_-118.3,33.96,-118.3,0,2,0,3,1,3,0,1,3,3,1,0,0,1,2,3,0,1,0,2,0,0,0,3,1,0,0,1,0,0,1,0,1,1,0,2,0,0,1,2,1,1,3,1,3,0,1,0,0,1,3,1,0,0,2,4,5,5,6,1,0,0,0,2,3,2,0,4,1,0,0,1,4,3,2,0,5,3,3,0,5,11,1,2,1
33.97_-118.12,33.97,-118.12,0,2,1,0,1,2,1,0,1,1,2,1,3,0,0,1,0,1,1,4,0,1,0,0,1,1,1,2,2,0,1,0,0,0,0,1,0,0,0,2,2,1,0,0,0,0,0,0,0,3,0,2,0,0,1,1,5,11,3,5,0,3,1,3,7,5,2,2,2,8,4,0,7,6,8,2,5,3,7,4,1,2,10,0,3
33.97_-118.23,33.97,-118.23,0,2,1,1,0,5,1,5,0,2,3,1,4,2,4,2,4,2,1,2,2,2,0,3,1,4,1,3,3,4,4,5,0,1,2,0,2,4,1,0,2,0,3,7,5,6,3,6,6,0,4,7,2,0,1,1,4,1,4,8,0,2,1,1,1,0,6,3,3,31,5,6,8,4,4,2,2,5,0,0,5,4,6,2,2
33.97_-118.24,33.97,-118.24,3,8,3,7,3,5,6,6,4,5,3,5,6,3,1,3,6,3,3,3,1,3,3,5,5,2,4,4,6,5,3,5,4,4,2,2,5,7,4,2,0,4,6,7,4,6,6,8,5,4,6,10,2,1,3,7,39,25,36,25,13,14,9,42,50,18,40,35,17,46,12,10,25,17,24,6,17,20,16,9,11,22,16,11,4
33.97_-118.25,33.97,-118.25,4,4,8,10,8,12,4,15,10,10,4,7,6,5,5,10,5,4,10,5,3,4,4,4,5,7,6,4,9,7,7,5,5,3,7,6,6,7,11,3,8,8,17,10,14,22,21,14,23,8,12,10,2,2,5,18,17,32,18,26,6,8,1,7,4,6,6,7,20,10,10,10,16,17,9,10,11,9,24,7,9,21,18,13,6
33.97_-118.26,33.97,-118.26,1,1,2,4,1,3,1,1,4,3,1,2,2,1,1,5,3,2,1,2,3,4,2,2,5,7,1,5,1,5,2,3,4,2,0,0,1,3,2,1,1,6,5,3,0,0,7,3,7,3,4,5,0,0,0,8,14,8,3,13,4,3,3,1,0,2,5,0,5,3,16,7,0,6,5,5,4,6,3,1,3,8,5,1,7
33.97_-118.27,33.97,-118.27,0,1,0,1,3,0,0,0,1,0,0,0,2,0,0,0,0,0,0,0,0,0,0,1,0,1,1,0,1,0,0,0,0,0,0,0,0,0,0,0,0,1,1,1,1,2,1,0,2,0,0,0,0,0,0,0,3,2,0,0,0,6,2,0,1,0,0,0,3,0,0,15,0,2,0,0,0,0,1,2,0,3,0,0,0
33.97_-118.28,33.97,-118.28,4,6,9,6,13,5,6,6,5,7,8,5,5,8,6,5,5,3,7,8,6,10,11,6,8,5,7,9,7,3,11,7,5,2,11,5,2,6,0,5,3,5,14,19,10,24,22,26,11,8,10,26,5,4,7,18,38,29,18,37,20,23,10,29,20,19,29,26,24,40,46,53,47,50,21,18,28,14,21,9,19,20,27,25,9
33.97_-118.29,33.97,-118.29,0,1,1,0,0,3,0,0,0,0,0,0,0,0,0,0,0,0,0,0,1,0,0,0,3,1,0,0,0,0,1,0,1,0,0,0,0,0,0,0,0,0,0,0,0,0,1,1,0,0,0,0,0,0,0,19,15,11,6,6,12,16,1,3,16,9,5,11,11,19,8,14,13,6,0,0,0,0,2,0,3,0,0,0,0
33.97_-118.37,33.97,-118.37,0,0,3,1,2,0,0,1,2,2,1,1,0,3,3,3,1,2,1,2,6,1,3,1,1,1,3,2,3,0,0,0,0,0,1,0,0,1,0,0,1,0,0,0,0,0,3,0,0,0,0,0,0,0,0,0,1,6,1,0,1,0,1,3,0,2,2,1,1,4,1,3,0,16,1,7,1,0,1,1,3,1,0,2,0
33.97_-118.38,33.97,-118.38,1,5,8,6,8,8,11,7,10,11,12,15,11,9,8,12,12,6,11,14,16,5,14,9,13,11,13,13,12,19,13,16,6,7,15,10,7,12,9,12,4,10,21,39,17,31,35,21,16,6,9,8,4,3,8,4,12,11,5,17,11,15,17,17,8,20,9,11,17,25,6,26,20,24,16,30,13,10,15,6,8,7,19,8,10
33.97_-118.39,33.97,-118.39,0,0,0,0,0,0,0,0,1,0,1,0,0,0,0,1,0,0,2,0,0,0,0,0,0,0,0,2,0,0,1,0,0,0,0,0,0,0,0,0,0,0,0,1,0,0,0,0,0,1,1,0,0,0,0,0,0,4,0,0,1,0,2,1,0,0,0,0,3,0,0,1,0,3,1,3,0,0,1,0,2,2,1,1,1
33.98_-118.12,33.98,-118.12,0,3,2,0,3,4,4,1,5,2,1,1,1,3,0,4,2,1,4,1,4,1,5,1,4,3,1,3,1,2,3,1,2,1,1,2,1,1,2,2,1,4,1,9,1,6,5,4,3,6,2,3,2,3,1,0,0,4,0,6,0,1,0,4,3,3,2,3,0,2,1,5,5,2,1,3,6,3,1,4,1,5,2,1,4
33.98_-118.13,33.98,-118.13,1,5,7,11,5,5,4,6,6,2,7,1,3,2,1,5,1,4,6,3,6,2,7,2,2,6,10,4,4,3,4,3,5,5,4,0,6,6,4,3,10,3,12,5,4,10,11,10,5,7,8,10,2,1,6,3,14,7,7,14,8,15,8,10,8,7,10,13,4,8,4,6,7,8,6,7,15,10,11,14,6,15,9,6,4
33.98_-118.14,33.98,-118.14,0,0,0,0,0,0,0,0,0,0,0,0,0,0,0,0,0,0,0,0,0,0,0,0,0,0,0,0,0,0,0,0,0,0,0,0,0,0,0,0,0,0,0,0,0,0,0,0,0,0,0,0,0,0,0,0,0,0,0,1,0,2,1,0,1,0,0,14,3,2,0,3,1,19,36,1,0,0,0,0,0,0,0,0,0
33.98_-118.23,33.98,-118.23,0,0,0,0,0,0,0,0,0,0,0,0,0,0,0,0,0,0,0,0,0,0,0,0,0,0,0,0,0,0,0,0,0,1,0,0,0,0,0,0,0,0,0,0,0,0,0,0,0,0,0,0,0,0,0,0,6,1,0,1,1,0,0,0,5,1,0,4,2,3,0,1,0,3,1,0,0,0,0,0,1,0,0,0,0
33.98_-118.24,33.98,-118.24,1,3,2,4,5,2,3,1,2,1,2,0,2,1,3,0,1,3,4,2,0,0,1,0,1,4,2,2,1,3,5,2,2,1,0,1,1,2,0,1,0,1,4,4,5,1,0,0,5,2,2,3,0,2,0,5,16,11,3,7,17,10,2,9,11,11,6,7,18,24,2,15,14,6,6,2,8,7,7,5,9,5,5,4,4
33.98_-118.25,33.98,-118.25,3,8,2,8,1,12,5,4,13,7,1,2,7,6,2,4,10,3,1,2,2,4,1,4,5,4,3,8,4,6,7,8,5,4,5,3,1,2,11,1,4,3,10,9,8,12,7,10,6,8,10,9,1,1,7,8,21,32,15,10,1,3,0,4,3,11,9,8,1,6,7,10,9,15,9,11,10,11,9,6,12,32,9,13,2
33.98_-118.26,33.98,-118.26,0,2,0,4,1,2,1,1,4,1,2,1,2,3,1,1,1,5,7,1,0,0,1,2,0,0,1,1,1,0,2,4,3,1,3,1,1,3,3,2,1,1,4,2,2,6,0,1,2,1,2,2,0,0,2,6,11,4,7,0,2,3,13,1,7,10,2,5,10,7,8,8,5,3,16,2,3,7,2,6,9,11,8,2,0
33.98_-118.27,33.98,-118.27,0,1,0,0,1,0,0,0,0,1,0,0,0,0,0,0,0,1,0,0,0,0,0,0,0,0,0,0,1,0,0,0,0,0,0,0,0,0,0,0,0,0,1,0,0,0,0,0,0,0,0,0,0,0,0,0,0,0,0,2,2,1,3,2,3,0,1,0,0,0,0,1,0,2,4,0,0,0,0,0,3,2,0,1,0
33.98_-118.28,33.98,-118.28,6,16,7,12,8,11,10,6,11,7,5,6,2,4,8,10,6,8,9,10,9,10,7,9,8,14,13,7,14,19,12,9,12,9,11,8,8,6,8,13,6,13,18,25,17,23,22,19,9,7,17,28,9,7,13,16,33,30,15,19,27,35,9,34,33,23,26,23,28,19,21,17,19,34,11,9,18,18,14,9,9,13,6,13,5
33.98_-118.29,33.98,-118.29,0,0,0,0,0,0,0,0,0,0,0,0,0,0,0,0,0,1,1,0,0,0,1,0,0,0,0,0,1,0,0,0,0,0,0,0,0,0,0,0,0,0,0,0,0,0,0,0,0,0,0,0,0,0,0,0,12,22,17,4,3,4,2,6,6,14,1,5,12,7,1,12,1,7,5,2,0,2,2,0,1,0,2,1,1
33.98_-118.33,33.98,-118.33,0,0,1,0,0,1,0,0,0,0,0,0,0,0,0,0,0,0,0,0,1,0,0,0,0,0,0,0,0,0,0,0,0,0,0,0,0,0,0,0,0,0,0,0,0,0,0,0,0,0,0,0,0,0,0,0,0,0,0,0,0,0,0,0,0,0,0,0,0,2,0,0,0,0,0,2,0,0,0,0,10,0,0,0,0
33.98_-118.36,33.98,-118.36,0,1,0,0,0,0,1,1,0,0,0,1,1,2,0,0,0,0,1,1,1,1,0,0,0,0,1,0,0,0,0,0,0,1,0,1,2,2,3,2,1,0,0,1,3,0,0,2,0,2,0,0,0,0,2,0,3,2,0,0,0,0,1,3,2,4,3,1,1,8,1,2,16,3,1,0,3,1,6,1,0,0,4,0,0
33.98_-118.37,33.98,-118.37,0,2,2,1,1,1,0,1,0,2,0,1,2,0,0,0,0,0,0,1,1,2,0,1,0,2,0,0,1,3,3,0,0,1,0,0,1,0,0,0,1,0,2,1,0,2,5,1,2,0,1,0,1,0,0,3,0,0,6,1,1,1,1,2,4,0,0,3,1,5,1,7,2,4,4,7,3,2,0,2,2,2,3,0,0
33.98_-118.38,33.98,-118.38,3,5,4,10,2,4,6,5,5,7,1,2,6,5,5,7,3,6,8,6,6,1,3,7,6,4,3,7,6,9,4,5,5,2,2,2,4,2,3,3,6,4,17,14,6,13,14,14,8,3,0,8,1,1,2,5,1,1,6,3,6,3,4,4,5,5,5,2,4,6,2,7,1,0,7,4,2,4,2,5,0,0,2,4,0
33.98_-118.39,33.98,-118.39,1,11,8,6,4,12,9,7,10,9,4,9,7,6,8,10,6,5,7,10,10,5,4,3,7,2,4,9,8,5,8,3,4,7,3,3,4,12,6,3,6,6,11,2,3,7,7,12,2,0,2,2,1,1,8,5,6,8,9,6,7,2,6,2,7,10,7,10,12,19,7,18,5,15,6,6,1,8,9,11,3,9,12,6,2
33.98_-118.41,33.98,-118.41,0,0,0,0,0,1,0,0,0,0,0,0,1,0,0,0,0,0,0,0,0,0,0,0,0,0,0,0,0,0,0,0,1,1,0,2,0,0,0,0,0,0,1,0,1,2,0,2,1,0,0,0,0,0,0,0,0,0,1,0,0,0,0,0,3,1,0,0,0,1,0,0,0,3,0,1,0,0,2,1,0,0,0,0,0
33.98_-118.42,33.98,-118.42,1,0,2,0,0,1,0,1,0,0,0,3,2,0,0,1,0,1,0,1,0,0,1,0,0,2,0,0,3,1,0,0,1,1,1,0,1,3,1,0,2,1,0,3,2,0,0,4,0,2,2,2,1,0,0,3,1,2,4,0,0,0,0,0,2,2,0,0,1,2,0,2,0,2,0,0,1,4,0,0,2,0,5,0,0
33.98_-118.43,33.98,-118.43,0,0,1,0,1,0,0,0,0,0,0,1,1,0,0,1,0,0,0,0,0,0,1,0,1,0,1,0,0,2,0,0,1,0,0,0,0,2,0,0,0,0,0,1,0,0,0,0,0,1,0,0,0,0,0,0,0,0,0,1,0,0,0,0,0,0,0,0,0,3,0,2,1,0,0,0,0,0,0,0,0,1,1,0,0
33.99_-118.13,33.99,-118.13,0,0,0,1,0,0,1,0,0,0,0,0,0,0,0,0,0,0,1,0,0,1,0,0,0,0,1,0,1,1,0,1,0,0,0,1,0,0,1,0,0,0,2,2,0,0,1,1,1,1,1,6,0,0,0,0,0,0,0,0,0,1,0,1,0,0,0,0,0,1,0,0,0,3,1,1,2,1,0,3,1,1,2,1,1
33.99_-118.14,33.99,-118.14,1,7,6,10,13,10,11,9,10,3,3,3,11,6,5,7,6,7,7,2,5,6,5,10,0,6,7,11,5,9,4,5,3,3,4,3,6,8,2,8,7,2,18,30,13,18,19,11,10,7,7,4,2,3,14,22,48,15,8,15,9,8,11,10,9,10,6,21,14,6,14,17,11,16,14,13,12,19,11,13,8,16,15,4,6
33.99_-118.18,33.99,-118.18,0,1,0,0,0,0,1,1,0,1,0,0,0,1,0,1,0,0,1,1,0,0,0,0,0,2,0,0,2,0,1,1,0,0,0,0,2,0,2,0,1,2,1,1,0,1,1,2,0,2,2,1,0,0,0,0,0,0,3,0,0,0,0,0,0,0,0,1,0,0,0,2,2,1,1,3,2,1,2,0,1,1,1,0,0
33.99_-118.24,33.99,-118.24,2,1,0,1,1,2,3,1,0,2,2,2,1,3,3,1,3,1,2,0,1,1,1,0,3,1,1,0,3,2,0,3,1,0,0,0,1,1,1,0,0,2,0,3,1,0,0,0,0,0,0,1,0,0,0,0,2,1,0,6,0,1,3,1,0,2,7,0,2,3,0,2,0,26,0,3,0,1,2,0,2,9,5,0,1
33.99_-118.25,33.99,-118.25,0,4,3,4,6,5,4,2,6,2,1,3,2,6,3,0,4,2,5,1,4,1,2,6,2,5,4,3,5,5,3,3,5,0,4,4,4,5,2,1,2,6,4,9,5,6,9,6,9,2,9,1,0,0,4,8,6,9,20,9,4,2,3,14,5,6,4,1,1,6,4,13,10,4,6,3,6,12,14,4,12,10,9,3,4
33.99_-118.26,33.99,-118.26,1,1,0,2,2,1,0,0,0,0,2,0,0,2,1,1,1,0,0,0,1,0,3,1,1,0,1,2,1,3,1,2,1,0,0,1,2,0,0,0,0,1,2,2,0,2,5,8,0,4,0,1,1,0,1,0,0,5,6,0,3,6,3,10,1,10,7,8,0,33,3,3,8,14,2,3,3,0,6,5,1,1,2,4,1
33.99_-118.27,33.99,-118.27,0,0,1,0,0,0,0,0,0,0,0,0,0,0,0,0,0,0,0,0,0,0,0,0,0,0,0,0,0,0,0,0,0,0,0,0,0,0,0,0,0,0,0,2,0,2,0,0,0,0,1,0,0,0,0,0,0,0,0,1,0,0,0,0,0,15,1,0,0,0,1,0,4,3,4,0,6,0,5,0,0,0,0,0,2
33.99_-118.28,33.99,-118.28,2,10,8,7,7,7,14,15,5,5,7,16,8,10,13,8,7,10,5,4,5,8,6,3,8,13,12,8,6,4,12,7,7,7,10,5,9,6,10,9,7,10,23,24,20,21,23,29,13,12,11,31,3,7,19,19,27,34,32,33,20,19,12,17,33,26,34,7,24,50,39,14,26,33,25,23,18,6,22,8,19,24,21,22,6
33.99_-118.29,33.99,-118.29,0,0,0,0,0,1,0,0,1,1,0,0,2,1,1,0,0,0,1,0,0,1,0,0,0,1,0,0,0,1,0,0,0,1,0,0,0,0,0,1,0,0,0,0,2,0,1,1,0,0,0,0,0,0,0,4,8,7,22,17,16,11,3,1,11,14,5,4,12,17,20,14,13,26,23,5,0,8,2,0,0,4,4,0,0
33.99_-118.3,33.99,-118.3,0,0,0,0,0,1,1,0,0,0,0,1,1,0,0,0,0,0,0,0,0,0,0,0,1,0,0,0,0,0,0,0,0,0,0,0,0,0,0,0,0,0,0,1,0,0,0,1,0,0,0,0,0,0,0,0,1,0,0,0,0,0,0,1,0,4,0,0,0,0,0,0,1,0,0,1,0,2,0,0,1,0,0,2,1
33.99_-118.31,33.99,-118.31,0,0,0,0,0,0,0,0,1,0,0,0,0,0,0,0,1,0,0,0,0,0,1,0,0,0,0,1,0,0,0,0,0,0,0,0,0,0,0,0,0,0,0,0,2,1,0,0,0,0,0,0,0,0,0,0,0,0,0,0,0,0,0,0,0,7,0,0,0,1,0,0,0,0,0,0,0,0,0,0,2,0,0,5,0
33.99_-118.33,33.99,-118.33,0,0,0,0,0,0,0,0,1,0,0,0,0,0,0,0,0,0,0,0,0,0,0,0,0,0,0,0,0,0,0,1,0,0,0,0,1,2,0,0,0,0,0,0,1,0,0,0,0,0,0,0,0,0,0,0,0,0,0,6,0,0,0,0,1,19,0,5,0,0,0,1,7,0,0,0,2,0,0,0,0,0,0,0,0
33.99_-118.34,33.99,-118.34,0,1,0,2,1,1,2,0,1,2,2,0,0,1,0,2,3,3,0,0,1,0,0,0,2,1,1,1,0,4,1,0,0,1,1,0,1,5,2,0,1,2,2,4,3,3,1,4,3,1,1,5,0,0,5,0,11,0,3,4,1,0,2,2,3,2,0,1,2,2,2,4,4,3,0,4,7,5,4,4,2,2,5,2,2
33.99_-118.35,33.99,-118.35,1,2,2,7,0,2,2,2,1,3,4,0,1,1,1,1,2,3,1,2,1,0,0,1,1,2,0,3,0,4,4,2,1,1,0,0,3,3,2,0,4,0,0,1,4,2,4,0,1,0,0,1,0,0,0,4,3,2,3,2,3,2,3,2,7,3,3,6,2,11,1,1,11,5,12,0,5,4,5,1,6,5,4,6,2
33.99_-118.36,33.99,-118.36,2,5,2,4,6,3,5,3,9,6,7,4,2,4,3,6,2,5,4,1,7,1,3,4,2,5,2,0,1,7,4,3,4,3,3,3,9,9,7,2,1,5,7,14,4,5,7,8,8,1,3,2,1,1,1,4,23,16,8,9,7,1,22,18,10,34,20,28,6,18,8,3,21,23,12,5,5,9,11,7,11,2,7,9,4
33.99_-118.37,33.99,-118.37,1,0,3,7,2,3,2,3,6,3,4,3,2,0,4,5,1,1,0,4,5,3,4,3,2,5,2,5,5,0,4,8,3,2,5,5,2,5,3,1,1,2,1,6,4,4,0,4,0,0,0,0,2,0,0,1,6,4,6,7,5,0,4,11,3,5,24,18,17,48,1,4,23,12,15,4,21,9,21,9,15,15,4,1,4
33.99_-118.38,33.99,-118.38,0,0,0,0,0,0,0,1,0,0,0,0,0,1,1,1,0,0,0,0,1,0,0,0,2,0,0,0,1,2,0,0,1,0,1,0,0,1,1,0,1,0,0,0,0,1,0,0,0,0,1,0,0,0,0,0,2,3,2,0,1,0,4,4,4,0,2,0,1,1,0,0,5,3,3,1,3,3,4,2,3,2,1,2,2
33.99_-118.41,33.99,-118.41,0,2,1,1,0,2,2,1,1,1,0,0,2,0,0,1,1,2,0,1,0,0,0,0,0,2,0,1,0,1,2,0,0,0,1,0,0,0,0,0,1,2,0,1,0,1,2,3,2,2,2,1,0,0,0,0,0,1,0,0,0,0,1,0,0,0,0,0,2,0,0,3,0,1,0,0,0,0,0,0,0,0,2,0,1
33.99_-118.42,33.99,-118.42,0,0,0,2,0,0,0,0,0,0,0,0,0,0,0,0,0,0,0,0,0,0,0,1,0,0,0,0,0,0,0,0,0,0,0,0,0,0,0,0,2,0,0,0,1,0,0,0,0,0,0,0,0,0,0,0,0,0,0,0,0,1,0,0,0,3,1,0,0,0,0,1,0,0,0,0,0,1,0,1,0,0,0,1,0
33.9_-118.26,33.9,-118.26,1,0,0,0,0,0,0,0,1,1,0,1,0,0,0,0,1,0,1,0,1,0,0,0,0,0,1,0,0,1,0,0,2,0,0,0,1,0,0,0,2,0,0,0,2,0,0,0,1,0,5,0,0,0,1,0,0,6,0,1,0,0,0,0,0,9,2,1,1,1,0,0,1,0,0,1,1,3,1,2,0,3,1,0,0
33.9_-118.27,33.9,-118.27,0,0,0,1,0,1,1,0,1,1,0,0,0,0,0,0,0,0,0,1,1,0,0,0,1,0,0,0,0,0,0,1,0,0,0,0,1,0,0,0,0,0,5,3,2,4,3,5,5,6,1,4,0,0,0,3,3,3,3,0,0,1,5,2,2,0,4,0,1,0,1,0,6,0,0,1,1,4,5,0,1,3,0,1,0
33.9_-118.28,33.9,-118.28,0,1,0,1,0,0,0,0,0,0,0,0,0,0,0,0,0,0,0,0,0,0,0,0,0,0,0,0,0,0,0,0,0,0,0,0,0,0,0,0,0,0,2,2,0,0,0,0,1,0,1,2,0,0,0,0,0,0,1,0,1,0,0,0,0,0,0,0,0,0,0,0,1,1,2,0,0,0,0,0,0,0,1,0,0
34.01_-118.13,34.01,-118.13,0,3,3,3,3,1,2,0,0,1,0,2,0,4,0,3,7,1,3,2,3,2,1,0,0,1,0,1,1,1,3,1,0,2,2,0,2,5,2,3,1,1,5,3,2,6,3,3,3,7,6,4,0,1,0,1,7,0,3,3,4,0,2,1,2,2,6,2,2,1,0,0,0,8,1,2,5,6,5,5,2,10,5,2,0
34.01_-118.14,34.01,-118.14,0,1,1,5,2,0,1,1,1,1,2,2,0,1,1,1,1,1,1,1,0,2,1,1,1,2,2,0,1,3,2,2,0,0,2,1,3,1,1,0,2,1,1,6,1,4,8,5,5,2,4,2,1,2,3,3,7,9,6,5,2,1,4,1,0,0,5,4,2,4,0,1,1,2,4,3,3,5,6,1,0,2,14,2,3
34.01_-118.15,34.01,-118.15,0,0,1,0,1,1,0,1,2,0,0,1,0,0,0,1,0,1,0,0,1,0,0,0,0,0,1,1,1,0,2,0,3,0,3,1,1,1,0,0,0,0,1,2,0,0,1,0,1,0,0,1,0,0,0,1,0,0,0,1,0,2,2,0,4,1,2,0,0,3,0,2,0,2,3,0,0,1,4,1,2,3,0,1,3
34.01_-118.16,34.01,-118.16,3,9,19,7,21,21,7,14,18,18,6,17,20,14,6,12,7,9,16,21,18,8,10,5,6,12,18,8,12,15,11,25,14,11,10,5,10,7,4,8,7,11,19,30,10,25,23,29,16,15,11,18,1,3,11,14,55,28,29,23,16,13,12,23,16,35,24,25,12,27,17,14,6,33,19,18,20,24,12,26,35,22,38,13,10
34.01_-118.17,34.01,-118.17,0,5,11,14,7,12,5,4,7,4,7,4,5,3,3,6,4,1,4,10,7,5,2,6,6,4,5,4,10,6,4,2,6,4,4,1,5,4,4,3,8,9,9,7,3,16,11,10,15,10,12,11,1,5,4,4,15,11,12,6,6,10,10,5,10,18,11,9,15,11,5,25,9,24,24,23,18,23,7,8,22,16,21,12,4
34.01_-118.18,34.01,-118.18,0,0,0,0,2,0,0,1,0,0,0,1,1,1,1,0,0,0,1,0,0,1,0,1,0,0,0,0,0,0,0,0,1,0,0,0,0,0,0,0,0,0,0,0,0,1,0,0,0,0,0,0,0,0,1,1,5,6,0,0,1,0,0,0,0,2,1,3,4,2,0,2,2,8,1,0,0,1,2,2,2,3,0,1,2
34.01_-118.2,34.01,-118.2,0,0,0,0,1,0,0,1,0,1,0,0,1,2,0,1,0,1,1,2,0,1,0,0,2,1,0,2,1,2,0,0,3,0,2,0,0,1,0,0,1,0,0,0,2,1,0,0,2,0,1,0,0,0,0,1,0,0,1,0,0,0,0,1,1,0,0,0,0,0,0,1,0,0,0,1,1,0,0,0,1,0,0,0,0
34.01_-118.27,34.01,-118.27,0,0,0,0,0,0,0,0,0,0,0,0,0,0,0,0,0,0,0,0,0,0,0,0,1,0,0,0,0,0,1,1,0,0,0,0,0,0,0,0,0,0,1,0,0,0,0,0,0,0,1,0,0,0,0,3,0,0,0,0,0,0,0,0,0,0,0,4,0,0,0,2,0,0,1,0,0,0,0,0,1,0,0,0,0
34.01_-118.28,34.01,-118.28,1,13,7,9,11,12,9,6,2,17,6,10,10,10,3,8,8,5,2,13,7,10,10,11,12,9,8,14,9,15,14,10,5,3,4,7,9,7,5,6,5,8,19,15,11,34,28,20,17,11,7,17,4,8,12,13,20,22,13,18,10,16,7,22,28,42,10,24,19,26,15,30,7,52,44,23,36,12,24,14,13,14,23,16,10
34.01_-118.29,34.01,-118.29,0,0,0,1,0,1,0,0,0,0,0,0,0,1,0,0,0,1,0,0,0,0,0,0,1,0,0,0,0,0,0,0,0,0,0,1,0,0,0,0,0,0,0,1,0,1,1,1,0,0,1,0,0,0,0,0,0,0,0,0,0,0,0,2,0,2,0,1,0,11,2,0,2,2,2,1,1,2,3,0,3,1,0,0,1
34.01_-118.31,34.01,-118.31,4,0,0,0,0,0,0,0,0,0,0,0,0,0,0,0,0,0,0,0,0,0,0,0,0,0,0,0,0,0,0,0,0,0,0,0,0,0,1,0,0,0,0,1,0,0,0,0,0,0,0,0,0,0,1,0,0,0,0,0,1,0,0,0,0,0,0,0,16,0,0,0,0,0,0,0,0,0,6,0,0,0,0,0,0
34.01_-118.42,34.01,-118.42,0,9,6,14,5,10,9,8,6,9,3,1,3,7,4,4,5,4,8,2,0,0,5,2,3,1,2,5,0,4,3,2,2,2,1,0,2,2,1,3,2,12,19,20,9,21,25,16,11,5,4,9,1,2,1,5,6,3,5,4,5,4,2,14,16,15,7,8,26,36,15,8,51,12,9,11,8,14,12,4,2,8,13,7,2
34.02_-118.13,34.02,-118.13,1,1,0,0,0,2,1,0,2,0,0,0,1,0,0,0,0,1,1,0,0,0,0,0,0,0,1,1,0,0,1,1,0,0,0,0,1,3,0,0,0,1,0,0,1,0,1,1,0,2,1,3,0,0,0,1,4,1,4,1,0,0,1,0,0,0,2,0,2,3,0,0,0,2,4,0,3,1,1,0,2,0,0,1,1
34.02_-118.14,34.02,-118.14,0,3,2,0,2,4,5,7,3,3,3,1,0,1,0,2,3,2,0,3,0,1,0,2,3,3,1,1,4,0,3,0,0,1,2,2,1,0,1,2,1,2,6,4,5,6,6,6,3,5,8,5,1,0,1,1,12,7,9,8,3,4,1,2,3,1,1,3,1,1,4,9,3,7,12,4,8,7,5,5,9,9,8,3,3
34.02_-118.15,34.02,-118.15,0,2,3,3,1,1,5,4,3,5,3,3,3,1,2,2,3,1,1,1,0,2,1,2,3,5,2,0,3,1,2,1,1,0,4,1,2,1,1,1,1,1,4,2,2,2,4,1,2,3,1,4,2,1,2,3,10,7,7,8,3,1,1,4,1,0,0,3,6,1,5,12,5,7,12,9,6,10,15,4,14,8,8,5,3
34.02_-118.16,34.02,-118.16,5,10,7,8,10,22,7,16,11,15,6,7,14,4,10,8,10,9,9,1,11,8,4,7,4,6,8,8,12,5,7,10,10,2,3,2,12,9,7,4,2,12,19,29,13,27,30,21,24,11,16,16,3,4,5,10,25,16,12,29,5,6,11,12,7,10,15,27,8,10,19,20,54,32,56,16,11,12,13,18,14,30,27,8,6
34.02_-118.17,34.02,-118.17,13,37,38,38,45,44,44,34,38,32,25,28,27,34,27,36,23,27,17,27,28,12,22,13,32,42,26,27,35,36,36,26,24,18,15,19,32,23,29,17,15,21,50,57,37,64,44,65,29,27,28,33,10,8,20,40,58,43,35,45,26,21,16,25,19,19,50,26,76,36,29,37,18,50,30,29,46,35,36,22,28,43,46,29,16
34.02_-118.18,34.02,-118.18,2,15,14,18,17,32,10,19,19,19,10,14,15,9,4,19,7,9,9,13,11,10,8,8,14,9,8,19,24,9,10,5,9,9,14,9,7,8,10,6,3,11,17,23,14,21,20,16,17,12,7,17,6,5,12,19,31,36,38,22,25,10,12,17,21,16,23,24,19,27,25,29,19,42,22,22,33,27,19,21,30,31,35,18,11
34.02_-118.19,34.02,-118.19,2,21,24,28,30,18,16,20,22,21,22,13,15,12,12,14,12,10,14,12,12,8,10,20,11,20,24,20,20,16,9,15,10,11,11,10,10,13,11,16,15,7,24,31,18,32,27,33,35,19,25,27,7,7,17,30,58,35,38,33,12,11,21,31,13,19,19,19,18,22,21,17,13,38,37,16,35,22,24,17,21,26,31,16,8
34.02_-118.2,34.02,-118.2,0,4,8,9,3,10,7,4,7,8,6,4,6,5,3,2,7,2,3,2,4,4,2,7,5,5,6,3,2,4,10,4,1,5,3,2,0,4,2,5,3,2,9,11,2,11,8,13,3,6,4,8,1,4,2,9,25,28,12,11,7,9,6,7,16,13,17,9,14,17,9,8,7,24,11,18,13,15,19,7,10,11,9,12,6
34.02_-118.22,34.02,-118.22,0,0,0,1,0,0,0,0,0,0,0,0,0,0,0,0,0,0,0,0,0,0,0,0,1,0,0,0,0,0,0,0,0,0,0,0,0,0,0,0,0,0,0,1,0,1,1,0,0,1,0,0,0,0,0,0,0,2,2,2,0,0,2,0,0,0,6,1,0,2,0,0,0,2,0,0,0,0,0,0,0,0,0,0,0
34.02_-118.23,34.02,-118.23,1,0,0,0,1,0,0,0,0,0,1,0,0,0,1,0,0,0,0,0,0,0,0,0,2,0,0,0,0,0,0,0,0,0,0,1,1,0,0,1,0,0,0,0,1,0,0,0,0,0,0,0,0,0,0,0,3,5,1,3,1,3,2,4,1,0,1,3,5,1,9,9,7,2,14,0,3,1,1,0,2,0,0,4,0
34.02_-118.24,34.02,-118.24,4,8,5,10,3,8,12,9,12,12,7,5,17,8,9,5,6,5,6,8,10,13,7,5,14,4,4,3,7,7,5,7,3,7,8,6,3,6,5,4,4,7,11,11,11,27,16,14,20,23,6,13,4,3,7,12,15,16,15,21,16,8,10,48,45,18,19,11,53,27,21,16,25,74,9,15,9,15,19,1,4,15,13,12,11
34.02_-118.25,34.02,-118.25,0,0,0,4,0,1,1,0,1,0,1,2,0,0,0,0,1,0,2,0,2,2,0,0,0,0,1,2,0,1,0,0,0,1,0,0,0,1,0,0,1,1,0,1,1,0,1,0,1,1,2,1,0,0,1,0,1,0,3,2,0,1,1,0,2,1,1,3,4,3,1,1,3,2,2,1,2,2,0,3,4,5,7,4,2
34.02_-118.26,34.02,-118.26,1,0,0,0,0,0,0,0,0,0,0,1,0,0,0,0,0,0,0,0,0,0,0,0,0,1,0,0,0,0,0,0,0,0,0,0,0,0,0,0,0,0,1,0,0,0,0,0,0,0,0,0,0,0,0,0,0,0,0,0,0,0,0,0,0,0,2,3,0,0,0,0,3,2,0,2,0,0,0,0,2,2,0,0,1
34.02_-118.27,34.02,-118.27,0,0,0,0,0,0,0,0,0,0,0,0,0,0,0,0,0,0,0,0,0,0,0,0,0,0,0,0,1,0,0,0,0,0,0,0,1,0,0,0,0,0,0,0,0,2,0,0,0,0,1,0,0,0,0,0,0,0,0,2,0,0,0,7,3,27,22,21,2,6,1,3,4,13,16,1,1,3,3,1,1,1,1,1,0
34.02_-118.28,34.02,-118.28,2,6,15,16,7,16,8,7,12,9,8,4,10,12,8,6,10,13,9,18,7,8,19,10,10,12,12,12,14,12,13,13,7,9,14,4,12,12,8,11,3,11,26,37,8,22,25,17,24,13,11,10,5,5,8,15,36,28,23,32,19,13,21,30,27,25,28,13,21,23,34,16,18,28,32,19,29,25,15,13,14,21,32,24,6
34.02_-118.29,34.02,-118.29,0,0,0,0,0,0,1,0,0,0,0,0,0,0,0,0,0,0,0,0,0,0,0,0,0,0,1,0,0,0,0,0,0,0,0,0,0,0,0,0,0,0,0,0,1,1,0,0,0,0,0,1,0,0,0,0,0,0,0,0,0,1,9,0,0,0,0,0,0,0,2,0,0,0,0,0,1,0,2,0,0,0,0,0,0
34.02_-118.34,34.02,-118.34,0,0,0,0,0,0,0,0,0,0,2,0,0,0,0,0,0,0,0,0,1,0,0,0,0,0,0,1,0,0,0,0,0,0,0,0,0,0,0,0,0,0,0,0,0,0,0,0,0,0,0,0,0,0,0,0,0,0,0,0,0,2,0,0,0,0,3,0,4,0,0,0,1,0,0,0,2,0,0,0,0,0,0,0,0
34.02_-118.35,34.02,-118.35,0,0,0,0,0,0,0,0,0,0,0,0,0,0,0,0,0,0,0,0,0,0,0,1,0,0,0,0,1,1,0,0,1,0,0,0,0,0,0,0,1,0,0,0,0,0,0,1,0,0,0,0,0,0,0,0,0,0,0,0,0,0,0,0,0,0,3,8,4,0,0,0,0,0,0,0,0,0,0,0,2,0,0,0,0
34.02_-118.36,34.02,-118.36,0,0,0,0,0,0,0,1,0,0,0,0,0,0,0,0,0,0,0,0,0,0,0,1,0,0,0,0,0,0,0,0,0,0,0,0,0,0,0,1,0,0,0,0,0,1,0,0,0,0,0,0,0,0,0,0,0,0,0,0,0,0,0,0,0,0,1,1,13,2,0,4,0,0,0,0,0,0,0,0,0,0,0,0,0
34.02_-118.37,34.02,-118.37,0,1,0,0,0,0,0,0,0,0,0,0,0,0,0,0,0,1,0,0,0,0,0,0,0,0,0,0,0,0,0,0,0,0,0,0,0,0,0,0,1,0,0,0,0,0,0,0,0,1,0,0,0,0,0,0,0,0,0,0,0,0,0,4,0,0,0,0,0,29,0,0,0,0,0,2,0,0,0,0,0,0,0,0,0
34.02_-118.42,34.02,-118.42,0,0,3,3,0,5,0,5,2,4,1,1,3,4,3,2,4,1,0,4,5,3,1,1,2,1,1,2,0,2,0,3,3,1,2,1,1,4,2,1,2,1,6,4,5,10,11,11,1,0,5,3,1,1,1,3,2,8,6,6,2,2,3,11,7,8,2,1,5,4,6,2,3,4,2,9,4,8,2,3,8,6,3,2,7
34.02_-118.43,34.02,-118.43,3,1,4,1,2,6,2,5,11,7,5,4,5,3,4,4,3,7,2,5,4,3,7,11,4,6,2,6,8,4,6,6,3,4,3,2,3,3,10,10,5,5,8,26,3,11,9,11,11,2,4,5,2,1,3,3,6,7,3,5,5,2,8,4,5,3,5,7,7,5,3,6,5,10,2,3,5,7,0,0,3,6,3,4,1
34.02_-118.44,34.02,-118.44,0,0,0,0,0,0,0,0,0,0,0,0,0,1,0,0,0,0,0,0,0,0,0,0,0,0,0,0,0,0,0,0,0,0,0,0,0,0,0,0,0,0,0,0,0,2,0,0,0,1,0,0,0,0,0,0,0,0,0,0,0,0,0,1,0,0,1,0,9,6,1,4,1,0,0,0,1,0,0,0,0,0,0,0,1
34.03_-118.14,34.03,-118.14,0,2,0,2,3,2,1,2,1,1,0,2,2,3,2,0,0,3,1,1,0,0,1,0,2,1,1,3,0,3,1,2,3,3,0,0,1,3,0,2,3,0,4,0,2,1,4,1,7,1,8,5,0,1,1,4,7,4,2,3,1,2,3,2,1,0,0,1,0,3,0,2,0,3,0,3,1,5,0,0,1,3,2,1,0
34.03_-118.15,34.03,-118.15,3,8,4,9,6,7,3,7,6,7,4,4,1,5,5,7,2,4,3,6,1,1,1,0,6,7,4,6,13,4,3,8,5,2,8,2,4,10,5,2,3,4,12,9,5,7,8,12,9,5,11,7,1,2,4,6,10,7,15,12,17,0,6,11,5,4,12,3,4,6,12,14,3,14,7,10,9,8,15,4,8,6,12,9,5
34.03_-118.16,34.03,-118.16,1,1,7,4,4,5,1,1,6,3,3,2,8,1,3,4,1,2,5,1,3,0,0,0,4,2,1,3,3,4,4,4,0,1,2,5,2,3,2,2,0,3,3,4,1,6,4,4,3,3,1,2,0,0,3,8,11,15,6,4,7,1,2,3,4,2,6,6,7,1,6,11,3,9,7,15,7,10,3,7,13,15,12,10,1
34.03_-118.17,34.03,-118.17,5,9,5,14,10,7,3,9,8,9,4,6,4,8,4,3,4,7,7,8,13,2,8,6,6,6,3,6,7,9,2,10,9,9,4,3,11,6,9,3,7,3,13,20,5,17,12,10,14,10,9,15,0,1,7,15,16,31,11,6,6,3,11,9,9,6,12,24,30,18,14,13,17,21,18,24,23,31,25,13,17,22,23,12,16
34.03_-118.18,34.03,-118.18,1,4,10,11,4,5,9,7,7,9,7,9,11,9,7,6,12,6,5,8,5,6,6,8,7,9,4,10,12,10,6,15,4,3,7,7,4,3,5,4,8,6,12,18,8,13,10,11,12,14,11,4,1,1,14,10,37,20,13,26,8,7,9,16,13,11,11,15,11,8,14,30,7,20,11,12,8,11,12,16,11,14,13,10,10
34.03_-118.19,34.03,-118.19,4,11,9,7,6,8,4,3,13,9,7,5,7,8,6,9,6,8,9,7,7,2,3,5,5,9,9,9,5,5,5,5,7,6,14,6,7,9,11,3,7,6,12,12,3,13,12,12,18,13,3,6,1,1,3,0,19,19,15,19,6,7,14,9,11,20,10,20,11,25,15,29,13,28,14,15,23,27,15,10,13,26,10,7,5
34.03_-118.2,34.03,-118.2,2,7,5,8,3,9,5,4,10,8,9,5,1,3,3,1,1,4,8,10,5,6,5,3,2,9,9,3,2,7,7,5,1,7,10,14,6,7,10,6,4,13,15,19,11,19,13,18,11,9,6,3,1,2,2,5,8,8,3,6,12,11,12,11,8,4,7,13,12,16,24,14,10,15,11,11,14,19,9,9,10,22,10,8,7
34.03_-118.21,34.03,-118.21,9,17,17,13,16,20,10,12,20,21,11,7,5,10,9,14,12,6,18,17,17,10,6,9,21,14,13,5,17,9,7,17,13,6,6,10,6,7,17,6,7,12,23,31,12,33,34,16,18,12,15,17,7,6,13,19,37,37,51,28,16,14,19,27,28,32,18,23,35,43,36,30,26,42,33,39,31,41,26,15,22,26,29,28,17
34.03_-118.22,34.03,-118.22,8,21,22,26,24,20,25,19,26,37,13,12,22,13,16,25,12,12,18,23,20,8,14,18,20,25,23,20,18,16,22,18,20,11,14,16,17,26,17,21,13,17,40,51,28,44,30,40,29,18,26,37,12,9,16,25,46,64,35,32,19,39,36,38,39,31,30,53,43,40,40,53,34,86,53,42,47,56,50,33,46,45,31,44,29
34.03_-118.23,34.03,-118.23,3,11,19,25,15,14,16,10,16,14,8,19,14,14,9,23,7,18,15,12,6,12,8,7,15,17,13,7,13,10,11,17,9,4,11,7,17,11,8,3,11,11,16,29,18,38,31,22,19,24,18,19,4,6,7,10,25,18,26,37,14,11,26,15,17,10,14,17,16,15,17,38,22,27,18,18,21,23,17,4,14,15,23,13,15
34.03_-118.24,34.03,-118.24,2,2,0,2,1,1,4,1,5,2,1,1,3,0,0,1,1,3,2,2,0,0,1,0,8,1,0,0,2,1,4,3,1,1,1,0,1,4,6,1,2,3,2,8,4,4,6,3,6,4,2,8,2,3,2,3,5,6,6,6,4,2,1,3,6,6,14,9,8,0,4,31,4,36,14,6,3,8,8,3,3,6,10,4,6
34.03_-118.25,34.03,-118.25,1,5,10,3,1,3,3,7,2,5,6,1,4,6,2,5,3,5,2,4,5,4,4,4,2,2,3,7,8,5,2,3,2,7,3,4,6,5,8,6,3,1,6,5,4,10,8,10,6,4,7,1,2,0,4,13,15,7,15,10,6,8,9,6,10,19,9,7,13,8,10,11,18,13,9,11,11,15,11,7,6,7,17,11,3
34.03_-118.26,34.03,-118.26,2,16,6,11,6,12,9,8,24,15,17,6,9,5,6,9,15,8,10,15,7,6,4,16,8,7,6,15,11,11,7,16,6,3,11,5,14,6,12,6,10,10,28,24,18,22,26,26,15,10,15,13,2,2,2,5,27,27,23,32,5,21,12,10,7,17,16,13,12,8,11,10,16,25,11,24,8,17,15,5,14,15,13,12,8
34.03_-118.27,34.03,-118.27,8,10,24,23,24,35,26,18,13,20,20,15,27,21,12,13,17,13,14,17,23,10,17,22,34,22,24,18,22,20,10,20,28,9,16,16,10,10,19,19,15,11,48,43,34,46,67,53,38,43,22,30,5,15,31,31,53,31,31,36,29,24,29,24,31,26,31,23,30,26,24,46,44,38,38,32,39,30,30,12,24,37,33,19,19
34.03_-118.28,34.03,-118.28,2,1,1,2,0,1,0,1,0,2,0,0,1,0,0,1,1,1,2,0,4,0,0,2,0,0,2,0,0,2,0,0,0,1,0,2,1,2,2,2,3,2,1,4,1,5,3,1,6,4,3,1,1,3,3,4,11,4,6,6,7,2,9,7,9,16,8,13,11,10,14,10,3,9,6,7,11,5,5,4,4,5,7,3,0
34.03_-118.29,34.03,-118.29,0,1,0,1,0,0,0,0,0,0,0,0,0,0,0,0,0,0,0,0,0,0,0,0,0,0,0,1,1,0,0,0,0,0,0,0,0,1,0,0,1,0,0,1,0,1,0,1,0,0,0,0,0,0,0,0,0,0,0,0,0,0,0,1,0,0,8,4,0,0,0,0,3,0,0,0,0,0,0,0,1,0,0,0,1
34.03_-118.3,34.03,-118.3,0,0,0,1,0,0,0,1,0,0,0,0,0,1,0,0,0,0,0,0,0,0,0,0,0,0,0,0,0,0,0,0,0,0,0,0,0,0,0,0,0,0,0,0,0,1,0,0,0,0,0,0,0,0,0,0,0,0,0,0,0,0,3,0,0,5,0,0,0,0,0,4,0,0,0,2,0,0,0,0,0,0,0,0,0
34.03_-118.31,34.03,-118.31,0,0,0,1,0,0,0,0,0,1,0,0,0,0,1,0,0,0,0,0,0,0,1,0,0,0,0,0,0,0,0,0,0,0,0,0,0,0,0,0,0,0,1,0,0,0,0,0,0,0,0,0,0,0,0,0,0,1,1,1,1,3,0,0,0,0,0,0,5,2,4,0,6,3,1,1,0,0,0,0,1,0,2,1,0
34.03_-118.32,34.03,-118.32,0,0,1,2,0,0,0,2,0,0,0,0,0,0,1,0,0,0,0,0,0,0,0,1,0,0,0,0,0,0,0,0,0,0,0,0,0,0,2,0,0,0,0,0,0,0,0,0,1,0,0,0,0,0,0,0,0,0,0,0,1,0,1,0,0,0,0,2,1,0,0,1,0,4,0,0,0,2,0,0,2,0,0,1,1
34.03_-118.33,34.03,-118.33,4,7,9,8,8,13,11,10,8,6,5,6,5,5,4,12,12,2,9,6,14,1,11,8,8,12,9,13,13,11,7,4,8,1,0,0,0,1,0,0,0,3,8,3,1,2,3,4,2,4,2,4,0,0,0,2,0,0,2,3,0,3,2,2,0,2,15,2,3,3,3,4,3,7,3,2,3,2,4,3,1,2,2,3,0
34.03_-118.34,34.03,-118.34,3,9,6,5,4,4,2,5,6,4,3,5,9,4,0,6,1,3,1,6,1,7,7,0,1,2,2,10,10,5,3,3,3,5,5,3,2,2,6,5,3,5,2,6,1,0,6,7,2,9,5,1,1,1,9,17,15,13,11,5,3,2,2,9,10,2,17,1,14,4,15,9,4,21,16,8,10,8,9,3,4,9,9,4,8
34.03_-118.35,34.03,-118.35,7,13,8,11,9,15,14,10,14,12,8,6,10,9,5,10,11,12,10,8,10,12,17,6,10,13,5,15,16,9,8,6,9,2,5,6,4,8,9,7,6,11,18,25,13,21,22,19,13,13,8,8,1,7,6,5,12,11,11,23,9,8,11,9,7,6,28,8,5,7,2,10,5,12,5,10,9,15,9,6,5,4,24,4,7
34.03_-118.36,34.03,-118.36,0,5,1,3,1,1,1,1,2,2,2,0,3,0,2,3,4,5,1,1,3,1,6,3,4,1,1,2,7,1,3,2,0,1,2,4,1,3,3,1,3,1,4,3,3,0,1,1,4,3,1,4,0,0,2,7,4,4,5,5,1,5,2,10,6,4,5,8,3,6,9,5,13,9,4,5,5,7,3,1,5,9,7,3,2
34.03_-118.37,34.03,-118.37,2,2,3,5,6,3,6,1,5,1,3,4,7,8,6,7,5,2,3,2,2,5,6,2,9,5,6,5,3,6,4,8,1,1,0,0,0,3,0,1,3,2,2,2,4,1,0,3,1,3,3,5,1,0,4,6,9,6,7,8,1,2,2,4,2,0,2,7,1,0,4,5,4,4,3,5,4,3,2,2,0,0,4,1,2
34.03_-118.38,34.03,-118.38,0,0,0,2,0,1,0,2,3,1,1,2,1,1,2,1,2,0,3,2,1,2,1,2,1,2,0,1,1,4,0,0,1,3,2,1,2,1,2,0,0,1,0,0,0,0,1,0,0,4,0,5,0,0,2,4,0,4,8,2,0,0,1,1,2,2,0,0,0,8,3,3,4,4,0,4,1,2,0,0,0,2,0,0,0
34.03_-118.39,34.03,-118.39,2,12,10,13,10,4,11,6,9,11,12,10,7,7,6,10,12,14,6,9,6,10,5,10,5,10,9,10,9,13,12,8,8,2,3,8,12,4,10,10,6,7,17,11,4,5,7,22,12,4,10,18,2,4,8,11,14,4,4,11,11,4,4,18,12,3,17,13,9,15,8,11,12,17,10,5,6,10,5,1,7,8,10,12,1
34.03_-118.4,34.03,-118.4,0,4,7,4,4,4,4,8,4,9,4,9,9,4,9,0,2,3,4,4,2,2,1,4,4,4,6,2,5,3,3,3,2,3,4,1,3,3,5,0,4,3,10,11,7,7,4,3,9,5,11,9,3,1,3,6,5,7,5,5,5,6,6,8,5,9,9,9,2,12,10,9,8,9,10,7,8,5,7,2,4,7,9,5,5
34.03_-118.41,34.03,-118.41,0,2,6,2,3,0,3,3,3,1,2,2,3,3,3,1,3,0,0,2,4,2,3,1,1,3,2,3,3,5,1,1,4,1,4,2,1,0,2,0,1,1,5,1,1,2,3,1,3,1,5,5,1,0,3,7,5,3,2,4,3,4,2,6,4,3,7,5,10,4,5,23,7,11,5,2,7,6,9,3,14,10,12,10,4
34.03_-118.42,34.03,-118.42,4,7,11,17,12,19,18,9,13,3,12,16,13,11,9,9,7,3,10,8,12,5,10,7,7,15,8,12,18,9,8,14,17,4,10,4,7,3,4,4,7,10,12,22,5,16,13,10,10,4,18,10,2,5,5,2,11,16,7,16,9,3,7,10,5,7,8,6,4,5,8,5,10,8,10,14,15,15,5,8,12,7,12,17,6
34.03_-118.43,34.03,-118.43,5,22,26,21,26,22,24,20,25,17,23,21,16,22,12,26,25,23,23,25,29,15,27,22,20,24,18,17,35,18,21,18,17,4,16,19,22,15,19,13,15,19,29,58,22,44,31,24,29,11,14,28,5,4,6,8,39,24,21,34,18,17,18,48,15,30,32,40,63,46,57,61,47,67,27,61,42,48,35,19,23,35,28,25,5
34.03_-118.44,34.03,-118.44,3,15,9,21,9,11,9,13,19,12,10,9,6,18,8,12,8,3,9,12,10,5,9,10,10,9,9,14,7,13,5,14,7,4,8,12,8,9,15,6,13,16,18,22,11,12,16,19,11,8,18,10,4,3,10,21,21,21,17,28,7,22,20,11,11,18,16,9,16,30,19,39,23,45,14,29,19,28,22,6,10,34,31,16,9
34.03_-118.45,34.03,-118.45,3,6,4,8,3,9,12,3,2,13,1,3,5,2,4,7,2,5,3,4,3,11,3,3,5,4,1,3,8,5,6,5,4,2,12,5,7,2,3,6,1,5,7,22,10,12,11,16,2,2,6,4,0,2,3,5,13,21,6,9,8,13,12,13,12,20,25,14,16,10,6,16,4,25,10,12,15,12,8,4,5,14,6,6,3
34.04_-118.15,34.04,-118.15,0,2,0,0,0,1,1,0,0,0,0,1,0,0,0,0,0,1,0,0,0,1,0,0,0,1,0,0,0,0,1,0,1,1,1,1,1,1,2,1,1,2,9,6,2,6,10,2,4,0,14,5,4,1,3,1,4,0,6,4,1,2,1,2,2,1,1,2,3,3,1,0,5,4,1,3,1,1,2,0,1,2,1,1,0
34.04_-118.16,34.04,-118.16,1,8,5,10,8,6,7,8,8,5,9,7,4,5,4,6,4,3,8,3,5,4,1,7,8,1,4,5,3,5,5,6,2,3,7,2,5,3,0,4,3,2,5,7,4,9,8,10,5,11,9,6,2,0,8,3,10,21,11,18,2,8,5,8,5,5,5,8,6,8,7,7,1,13,2,16,2,8,11,3,10,5,8,5,7
34.04_-118.17,34.04,-118.17,7,22,18,28,17,16,26,17,16,17,18,11,11,27,10,20,10,15,16,16,12,15,11,13,31,17,11,21,7,14,15,20,14,13,15,14,11,13,19,9,12,13,38,37,20,38,26,16,25,20,16,12,5,2,13,18,39,31,15,38,8,16,11,13,15,12,17,23,17,18,12,48,17,41,15,36,31,17,41,8,36,26,41,23,14
34.04_-118.18,34.04,-118.18,0,7,4,3,6,3,1,8,3,3,2,5,1,4,6,2,4,3,4,3,2,4,2,3,1,1,3,7,2,8,4,4,6,2,5,5,1,1,0,2,3,4,8,10,6,5,7,10,7,5,5,7,0,2,5,6,14,6,8,6,5,4,7,6,6,5,6,7,1,5,6,1,2,25,8,7,16,10,16,9,17,11,10,4,4
34.04_-118.19,34.04,-118.19,3,3,4,5,0,6,4,4,6,4,5,0,4,4,5,8,3,3,1,1,2,1,5,3,4,2,3,2,3,3,1,8,2,0,1,1,5,2,4,4,4,3,8,15,5,8,5,6,5,4,5,7,0,0,4,5,10,10,11,4,1,3,3,1,5,4,1,4,4,7,4,2,2,9,6,9,7,3,12,12,3,13,17,2,7
34.04_-118.2,34.04,-118.2,0,0,0,2,0,0,0,0,0,0,1,0,0,0,0,0,0,0,0,0,0,0,0,0,0,0,0,0,0,0,0,0,0,0,0,0,0,0,0,0,0,0,2,0,1,0,1,1,0,1,0,0,0,0,0,0,0,0,0,0,2,0,0,0,0,1,0,1,0,1,0,2,0,3,1,0,0,1,0,0,0,0,0,0,0
34.04_-118.21,34.04,-118.21,0,0,0,0,0,0,0,0,0,0,0,0,0,0,0,0,0,0,0,0,0,0,1,0,0,0,0,0,0,0,0,0,0,0,0,0,1,0,0,0,0,1,0,0,1,1,1,1,0,0,0,0,0,0,0,0,0,0,0,1,0,0,1,0,0,0,0,7,3,11,0,3,2,8,19,0,0,0,0,2,4,0,0,1,0
34.04_-118.22,34.04,-118.22,4,17,12,20,20,20,19,19,29,22,11,12,11,15,15,14,6,12,14,20,9,7,8,17,17,14,14,22,9,25,6,9,10,9,11,3,13,9,17,3,5,10,25,28,14,34,42,32,21,9,22,42,4,9,11,22,30,33,35,26,14,13,20,19,28,14,17,18,19,31,27,26,28,46,34,21,31,30,17,21,21,20,12,21,17
34.04_-118.23,34.04,-118.23,0,0,0,0,0,0,1,1,0,0,0,0,0,0,0,0,0,0,0,0,0,0,0,1,0,0,0,1,0,0,0,0,0,1,0,0,0,0,0,0,0,0,0,0,0,0,0,2,3,0,7,16,0,0,0,0,1,0,0,0,0,0,0,0,0,1,3,0,0,0,2,0,0,0,0,2,3,0,0,0,0,2,0,0,0
34.04_-118.24,34.04,-118.24,0,0,0,0,0,0,0,0,0,0,0,0,0,0,0,0,1,0,0,0,0,0,0,0,0,0,0,0,0,0,0,0,0,0,0,0,0,0,1,0,0,0,0,0,0,0,0,0,0,0,0,0,0,0,0,0,0,0,0,0,0,0,0,0,0,1,0,0,3,0,0,8,1,5,0,0,0,0,3,0,0,0,0,0,0
34.04_-118.25,34.04,-118.25,0,0,0,0,0,0,0,0,0,1,0,2,0,0,1,0,0,0,0,0,0,0,0,0,1,0,0,0,0,0,0,0,0,0,0,1,0,0,0,1,0,0,0,0,1,0,0,0,1,0,0,0,0,0,0,3,0,1,0,0,1,0,0,0,1,1,1,1,1,5,0,2,0,2,4,0,0,3,0,0,2,2,0,0,0
34.04_-118.26,34.04,-118.26,0,2,0,2,2,0,0,0,0,0,0,2,0,0,1,0,0,0,0,0,0,0,1,0,1,0,1,0,1,0,0,1,0,0,0,0,0,1,0,0,0,1,0,1,0,3,2,1,0,0,0,0,0,0,0,1,0,1,0,0,1,0,0,3,0,2,0,0,0,0,3,5,1,1,0,0,0,2,0,0,0,0,2,1,1
34.04_-118.27,34.04,-118.27,8,28,15,24,33,29,17,16,23,32,28,29,27,31,25,38,14,12,9,26,32,22,28,28,15,22,27,36,28,27,21,13,22,14,23,15,28,22,42,14,26,10,46,43,22,35,49,39,35,34,23,29,11,13,44,60,89,58,56,54,34,31,30,34,44,20,41,27,47,28,38,59,41,48,36,36,34,37,28,15,30,43,50,32,13
34.04_-118.28,34.04,-118.28,4,9,11,19,19,27,17,13,21,20,20,19,11,19,11,15,9,12,14,16,10,6,8,9,15,18,10,11,19,12,16,9,20,6,14,13,16,23,29,7,5,18,36,36,36,39,37,39,34,21,24,21,11,7,19,16,35,19,32,25,19,28,23,16,16,13,18,14,33,20,17,31,24,27,27,20,16,26,18,11,7,13,22,7,11
34.04_-118.29,34.04,-118.29,3,9,16,11,14,18,11,12,10,6,7,4,14,14,2,9,7,5,2,12,10,2,3,3,15,9,5,13,6,7,8,8,6,6,15,4,8,12,2,10,7,9,22,14,11,24,12,18,13,10,15,16,7,6,11,21,20,26,17,19,15,18,11,19,19,17,19,17,21,9,17,25,49,32,39,35,15,19,22,11,20,35,23,11,5
34.04_-118.3,34.04,-118.3,5,10,7,8,6,3,17,7,6,4,7,7,7,11,5,3,9,6,5,6,13,1,8,8,7,8,7,6,9,11,4,4,3,6,8,3,10,3,5,4,4,7,14,14,9,13,16,9,7,5,5,11,3,6,11,18,20,13,18,63,10,18,12,34,17,19,18,22,49,30,23,45,50,30,25,26,18,12,18,9,9,12,23,7,8
34.04_-118.31,34.04,-118.31,0,5,9,16,7,13,11,4,13,3,2,5,10,9,13,8,11,9,4,8,5,9,7,6,7,6,5,17,8,18,9,11,3,6,7,1,4,3,9,11,5,9,12,17,11,8,15,12,16,8,8,19,3,4,7,15,20,5,17,9,13,23,11,18,10,21,32,8,23,33,21,51,20,40,15,12,17,14,10,6,10,15,21,12,8
34.04_-118.32,34.04,-118.32,3,18,8,17,8,10,8,17,10,10,15,11,11,9,9,7,7,4,5,7,5,6,10,14,8,11,8,15,7,16,5,12,6,7,7,4,6,5,7,7,5,8,15,17,7,21,16,26,13,13,7,16,6,1,8,10,8,9,18,36,26,17,19,26,14,33,33,15,41,20,70,31,35,67,45,25,17,20,26,12,9,21,20,12,7
34.04_-118.33,34.04,-118.33,2,4,5,2,5,1,4,1,3,0,7,3,3,1,0,5,3,2,2,6,8,0,4,6,2,8,3,6,6,2,1,4,0,4,6,7,10,9,11,14,6,13,25,28,10,24,14,19,14,11,6,6,7,5,7,19,24,13,13,18,6,17,9,8,10,9,11,12,16,6,14,15,18,21,23,19,15,16,12,3,3,4,9,1,5
34.04_-118.34,34.04,-118.34,0,0,0,1,2,0,0,0,0,0,0,1,0,0,0,0,0,0,2,0,0,0,1,2,1,0,0,2,0,0,0,0,1,0,0,0,2,0,2,0,0,0,0,1,0,0,0,0,0,0,1,0,0,0,0,0,0,3,1,3,0,0,0,1,0,1,0,1,0,2,0,1,0,0,0,0,0,0,0,0,0,3,2,0,0
34.04_-118.35,34.04,-118.35,0,0,0,0,0,0,0,0,2,0,0,0,0,0,0,0,0,1,0,0,0,0,0,0,0,0,0,0,1,0,0,0,0,0,0,0,0,0,0,0,0,0,1,1,1,4,0,0,0,1,0,0,0,0,0,2,0,4,0,7,0,2,23,19,7,8,10,27,1,14,2,8,0,11,5,0,8,0,0,0,0,1,6,0,0
34.04_-118.36,34.04,-118.36,0,0,0,0,0,0,0,0,0,0,0,0,0,0,0,0,1,0,0,0,0,0,0,1,0,0,0,0,0,0,0,1,0,0,0,0,0,0,0,0,0,0,0,0,0,0,0,0,0,0,0,0,0,0,0,0,0,0,0,0,0,0,0,0,0,0,0,2,2,0,0,0,2,0,0,0,0,0,0,0,2,1,3,0,0
34.04_-118.37,34.04,-118.37,1,10,3,7,2,8,6,3,3,1,2,2,3,5,3,4,3,2,0,3,5,1,9,4,1,4,3,2,4,5,1,0,2,3,4,4,10,12,3,5,2,8,14,8,1,19,8,10,12,3,6,10,2,1,7,7,10,21,11,16,7,1,6,10,6,7,5,30,5,13,7,3,7,3,20,10,5,1,8,2,6,6,6,1,5
34.04_-118.38,34.04,-118.38,5,25,4,9,6,10,13,8,9,15,16,9,13,11,11,7,14,5,4,8,13,9,12,5,6,11,7,7,16,13,9,8,15,6,4,1,5,13,4,10,3,8,27,38,6,11,23,27,10,7,10,20,1,4,17,6,26,7,11,22,7,4,45,19,9,7,11,12,10,7,14,10,8,6,11,10,6,15,6,7,7,15,18,7,8
34.04_-118.39,34.04,-118.39,0,0,0,0,0,0,0,0,0,0,0,0,0,0,0,0,0,0,0,0,0,0,0,0,0,0,0,0,0,0,0,0,0,0,0,0,0,0,0,0,0,0,0,0,0,0,0,0,0,0,0,0,0,0,0,0,2,2,0,0,0,0,1,3,0,0,2,0,2,2,0,1,1,0,0,0,0,2,0,0,2,0,0,0,0
34.04_-118.43,34.04,-118.43,0,0,2,0,1,1,0,2,0,0,0,0,0,1,0,0,0,0,0,0,0,1,0,0,2,0,0,0,0,1,0,0,0,0,0,0,0,0,0,0,0,0,0,0,0,0,0,0,1,0,0,0,0,0,0,0,0,0,0,0,0,0,2,0,0,1,0,0,0,0,0,0,0,0,0,0,0,0,0,0,0,0,0,0,0
34.04_-118.44,34.04,-118.44,4,16,20,23,15,24,22,18,26,21,10,13,9,15,19,15,12,10,14,19,18,12,14,16,20,18,9,14,18,9,16,14,14,6,10,10,10,6,15,3,10,15,29,38,18,40,35,18,21,3,19,26,5,2,5,10,19,19,11,19,10,7,7,22,8,10,7,14,20,11,22,22,24,19,11,12,14,17,12,3,8,15,13,13,5
34.04_-118.45,34.04,-118.45,0,0,0,3,0,0,0,0,0,0,0,0,0,0,0,0,0,0,0,0,0,0,0,0,0,0,0,0,0,0,0,0,0,0,0,0,0,0,0,0,0,0,0,0,0,0,0,0,0,0,0,0,0,0,0,0,0,0,2,0,0,1,2,0,1,0,4,5,0,2,0,2,1,2,2,0,1,0,0,0,0,0,0,0,0
34.04_-118.46,34.04,-118.46,0,0,0,0,0,1,0,1,0,0,0,0,0,0,0,0,0,0,0,0,0,0,0,0,0,1,0,0,0,0,0,0,0,0,0,1,0,0,0,0,0,0,0,2,0,0,0,0,1,2,0,0,0,0,0,0,0,0,0,0,0,1,1,3,2,0,0,0,1,0,0,1,0,0,0,0,0,0,0,1,2,0,0,0,0
34.05_-118.17,34.05,-118.17,0,0,1,3,0,0,0,1,0,1,1,1,0,0,1,0,0,0,0,0,1,0,1,1,1,2,0,0,0,2,1,0,0,1,1,1,1,0,2,1,0,0,0,0,0,2,0,0,1,1,0,0,0,0,0,0,6,0,0,0,0,1,0,3,0,7,0,0,0,2,5,3,1,2,1,4,3,5,3,1,0,1,2,4,1
34.05_-118.18,34.05,-118.18,0,3,1,2,5,2,2,2,2,0,0,0,0,3,0,2,1,2,1,1,2,0,1,0,1,0,1,1,0,0,1,1,1,2,1,1,1,1,1,0,1,2,4,2,1,0,1,1,0,2,1,0,0,0,2,1,2,3,2,1,3,3,4,0,5,4,0,11,3,8,7,0,6,9,3,0,7,11,7,2,3,1,10,6,2
34.05_-118.19,34.05,-118.19,0,1,2,3,1,0,4,1,3,1,1,0,1,1,5,1,4,0,1,1,0,1,1,0,1,2,1,3,2,0,5,1,3,1,3,0,2,1,0,0,1,1,1,5,1,5,2,2,2,2,5,1,0,1,2,4,9,0,8,8,4,2,1,0,5,2,2,5,5,4,6,5,2,11,8,2,4,6,9,1,4,5,3,1,4
34.05_-118.2,34.05,-118.2,4,5,6,7,11,7,11,7,9,5,9,7,2,3,7,5,3,2,6,8,8,1,3,1,5,9,5,8,6,5,9,4,4,2,2,10,6,4,2,4,2,6,10,7,12,15,15,7,16,12,9,5,1,1,0,0,8,12,4,11,5,2,4,7,17,8,9,9,3,11,5,18,1,10,20,7,9,9,4,0,4,8,6,6,5
34.05_-118.21,34.05,-118.21,9,20,11,21,21,20,21,13,13,13,16,10,10,16,12,9,7,14,10,7,10,11,9,5,8,9,19,13,13,12,11,11,4,11,6,21,15,19,9,12,9,8,29,33,18,26,27,24,38,27,26,16,6,4,16,21,42,48,28,34,33,14,18,23,29,23,14,23,48,35,33,62,27,55,43,27,32,28,30,17,34,34,27,38,30
34.05_-118.22,34.05,-118.22,3,5,9,13,5,13,2,11,8,7,7,11,9,7,5,11,6,5,10,7,5,5,7,1,11,5,7,6,4,9,6,4,8,7,11,3,9,4,9,3,4,3,3,10,8,11,13,11,12,7,6,6,3,3,6,7,21,11,8,19,11,13,8,10,13,13,13,12,10,16,12,10,15,22,12,11,6,18,8,8,14,9,6,7,16
34.05_-118.23,34.05,-118.23,5,14,13,9,7,7,5,7,8,7,6,11,8,4,6,1,4,5,3,4,4,7,4,6,17,4,13,10,4,6,5,10,7,6,15,5,5,6,9,8,13,7,19,27,14,37,21,24,27,24,7,9,4,4,18,21,55,34,46,18,15,25,20,25,15,14,17,28,20,17,18,24,15,24,31,19,22,24,17,19,31,27,18,25,25
34.05_-118.24,34.05,-118.24,4,6,8,13,11,6,8,6,7,10,18,8,17,7,7,4,4,5,6,7,2,10,2,4,10,9,7,4,4,7,6,4,3,5,8,5,6,11,8,5,12,9,17,21,3,19,15,21,16,12,4,9,4,3,4,10,24,16,19,8,13,8,7,12,15,12,8,12,8,10,4,4,9,15,4,10,16,8,15,7,12,9,9,15,10
34.05_-118.25,34.05,-118.25,0,2,3,0,2,0,0,0,0,0,1,1,1,0,0,0,0,1,0,0,1,0,0,0,0,1,0,1,0,0,0,0,0,0,0,0,0,1,2,0,0,0,4,0,1,1,0,4,0,0,1,0,0,0,0,2,2,0,6,1,0,2,1,0,0,3,2,4,6,1,3,0,4,3,3,1,3,6,4,0,4,0,0,0,0
34.05_-118.26,34.05,-118.26,7,7,9,19,11,15,11,18,22,10,19,15,21,12,6,18,13,15,12,16,13,12,14,11,13,20,14,14,14,22,16,12,8,9,12,9,13,7,6,12,13,3,25,27,23,22,30,52,18,17,29,19,8,4,19,11,37,36,42,38,6,16,17,13,23,19,27,15,16,9,29,18,12,53,22,18,15,24,10,9,13,32,23,13,12
34.05_-118.27,34.05,-118.27,3,22,5,16,18,15,7,17,11,14,12,10,9,11,14,13,8,9,8,10,19,6,7,11,9,13,12,9,7,10,10,12,10,1,6,4,6,8,5,5,12,3,12,24,15,22,15,17,19,13,12,18,1,2,31,19,28,32,23,20,16,10,9,20,18,5,20,13,13,11,14,19,19,19,15,9,7,17,9,6,11,22,17,5,7
34.05_-118.28,34.05,-118.28,1,0,0,0,1,0,0,0,0,0,0,0,1,0,0,0,0,0,0,0,0,0,0,0,2,0,0,1,0,1,1,1,0,0,0,1,0,0,0,0,0,0,0,0,0,0,1,0,0,0,0,0,0,0,0,0,0,0,0,0,1,1,1,4,2,0,8,0,1,0,1,13,1,0,0,0,0,1,0,0,2,0,1,2,0
34.05_-118.29,34.05,-118.29,0,0,0,1,0,1,0,0,0,0,0,0,0,0,0,0,0,0,0,0,0,0,0,1,0,0,0,0,0,0,0,0,0,0,0,0,0,1,0,0,0,0,0,0,0,0,0,0,1,0,0,0,0,0,0,0,0,0,0,0,0,0,0,0,1,0,2,0,4,0,0,0,23,0,1,2,0,0,0,1,2,0,0,0,0
34.05_-118.3,34.05,-118.3,0,1,0,0,0,0,0,0,0,0,0,2,0,0,0,0,0,0,0,0,0,0,0,0,0,1,0,0,0,0,0,1,0,0,0,0,0,1,0,0,0,0,0,0,0,0,0,0,0,0,0,1,0,0,0,0,0,0,0,0,1,0,0,0,0,0,0,0,0,1,0,3,0,0,2,0,2,0,4,0,0,0,0,0,0
34.05_-118.31,34.05,-118.31,0,0,0,0,0,0,0,0,1,0,0,0,0,1,0,0,1,0,0,0,0,0,0,2,2,0,0,0,0,0,0,1,0,0,0,0,0,0,0,0,0,0,0,0,0,0,1,0,0,0,0,0,0,0,0,0,0,0,0,0,2,5,0,3,5,1,5,1,1,2,0,10,0,4,1,0,0,2,0,0,2,0,0,0,0
34.05_-118.32,34.05,-118.32,0,0,0,0,0,0,0,0,0,0,0,0,1,0,0,0,0,0,0,1,0,0,0,0,1,0,0,0,0,0,0,0,0,0,0,0,0,0,0,0,0,0,1,0,0,1,1,1,0,0,0,0,0,0,0,1,0,0,1,5,2,2,8,4,0,18,6,2,27,13,15,10,2,5,3,1,0,0,2,0,0,1,0,0,0
34.05_-118.43,34.05,-118.43,0,0,0,0,0,0,0,0,0,0,0,0,0,0,0,0,0,0,0,0,0,0,0,0,0,0,0,0,0,0,0,0,0,0,0,0,0,0,0,0,0,0,0,0,0,0,0,0,0,0,0,1,0,0,0,0,0,0,0,1,0,0,1,1,0,0,9,11,6,0,0,0,0,0,0,0,0,0,0,0,0,0,0,0,0
34.05_-118.44,34.05,-118.44,0,0,0,0,0,0,1,0,0,0,0,0,0,0,0,0,0,1,0,1,0,0,0,0,0,1,0,1,0,1,0,0,0,0,0,0,0,1,0,0,0,0,1,0,1,0,0,0,0,0,0,2,0,0,1,0,0,0,1,1,0,0,9,4,2,6,20,34,16,1,0,2,21,1,3,1,0,1,1,1,0,0,1,2,0
34.05_-118.45,34.05,-118.45,4,14,16,23,12,19,13,13,21,13,17,12,11,8,16,8,18,7,17,19,21,17,21,15,19,17,15,17,24,5,23,16,16,11,21,7,19,10,11,11,6,14,22,46,17,35,42,43,17,7,23,8,8,4,7,21,33,29,14,30,8,17,16,35,22,17,34,43,28,42,32,31,38,39,57,43,15,20,36,14,25,34,19,24,14
34.05_-118.46,34.05,-118.46,1,0,1,2,0,1,1,1,0,6,2,1,0,2,1,2,0,1,4,0,0,1,0,1,2,0,1,0,1,0,0,0,1,1,0,0,0,0,4,0,0,0,2,3,0,0,3,0,3,0,2,0,0,0,0,0,3,1,4,0,4,0,11,7,9,0,2,8,5,10,2,2,3,2,9,0,4,1,0,0,1,6,6,0,1
34.06_-118.17,34.06,-118.17,0,8,6,7,5,6,5,9,10,2,6,6,3,8,8,6,2,7,4,5,4,1,6,4,2,4,6,7,6,5,7,9,2,2,5,4,3,5,1,0,1,3,12,12,6,19,10,9,6,3,5,8,3,3,2,6,5,6,6,12,3,4,3,8,3,4,3,11,5,3,3,5,8,4,10,11,6,11,6,5,13,13,12,7,2
34.06_-118.18,34.06,-118.18,1,9,5,8,11,17,8,6,6,7,4,6,6,13,8,6,1,8,6,7,7,3,8,5,1,6,6,5,11,8,3,14,8,2,5,5,5,10,2,5,4,4,15,32,24,22,17,23,20,8,5,15,1,2,7,12,38,32,22,20,9,6,7,19,9,14,17,32,20,11,9,14,18,18,27,15,24,22,16,20,14,8,17,10,10
34.06_-118.19,34.06,-118.19,0,1,4,1,1,2,1,1,2,0,3,1,0,2,1,2,2,3,0,1,1,1,3,1,1,0,2,1,2,2,2,2,0,0,1,0,0,0,0,2,1,1,4,2,0,2,1,2,1,2,6,7,0,2,2,3,8,10,7,2,5,2,5,11,1,5,4,11,11,12,8,1,10,4,8,9,3,15,8,4,6,10,10,8,3
34.06_-118.2,34.06,-118.2,1,1,2,1,2,5,2,0,1,0,3,1,0,2,1,2,2,0,0,4,5,0,5,1,4,7,2,1,3,1,2,1,3,7,0,1,1,5,5,1,2,2,3,4,4,10,7,10,9,4,16,6,1,4,1,3,15,16,7,9,6,16,23,7,12,7,7,21,5,9,2,27,14,12,19,6,3,18,3,2,7,2,3,5,5
34.06_-118.21,34.06,-118.21,5,12,8,19,12,12,10,23,19,14,8,10,11,12,8,5,6,17,11,9,11,5,10,11,12,16,11,10,9,5,10,8,10,3,14,11,9,10,16,6,8,7,8,16,17,21,12,20,16,14,13,10,1,2,12,21,26,20,4,12,11,12,11,13,13,9,16,19,19,13,19,24,21,25,17,21,19,21,16,11,35,17,26,16,22
34.06_-118.22,34.06,-118.22,3,5,4,13,6,11,12,8,12,7,6,6,9,7,6,7,5,2,7,6,2,4,7,5,7,2,2,10,10,4,5,2,7,1,6,5,6,7,9,5,7,13,8,16,11,19,10,12,9,5,5,8,0,1,1,3,8,10,17,5,4,6,7,9,17,8,21,11,13,25,4,14,6,16,5,8,7,16,8,3,7,10,16,9,4
34.06_-118.23,34.06,-118.23,0,0,0,0,0,1,0,0,0,0,0,0,0,0,1,0,0,0,1,1,0,0,0,0,0,0,0,0,1,0,1,0,0,0,0,0,0,0,0,0,0,0,2,1,0,0,0,0,1,0,0,0,0,0,0,0,3,0,0,0,0,0,0,0,0,0,2,1,0,2,0,0,0,0,1,0,2,2,5,0,0,0,0,0,0
34.06_-118.24,34.06,-118.24,2,6,10,8,8,12,3,7,16,5,10,7,7,2,6,5,5,3,4,8,7,8,9,7,8,6,9,4,8,3,10,9,3,4,3,4,3,9,6,11,3,12,14,14,7,27,16,19,13,13,10,14,2,4,9,15,38,24,24,19,6,4,8,10,9,5,6,14,4,12,12,12,12,28,19,8,20,15,11,12,16,13,13,6,5
34.06_-118.25,34.06,-118.25,7,24,35,35,27,42,34,29,31,34,39,23,29,31,20,25,32,19,21,22,37,24,26,28,38,42,44,37,38,16,28,28,26,21,44,33,23,27,26,29,23,34,50,48,38,47,44,33,51,26,43,35,21,11,41,42,81,82,68,56,24,28,28,28,51,40,37,35,40,32,32,46,41,64,51,31,32,30,32,23,30,35,38,33,12
34.06_-118.26,34.06,-118.26,4,7,4,7,7,9,4,12,10,4,13,12,9,9,3,6,10,8,5,6,8,10,5,3,9,11,4,6,7,6,7,3,7,2,6,2,4,3,3,8,3,8,23,24,11,12,27,14,15,7,8,22,4,7,6,8,26,27,10,18,5,9,4,6,13,11,14,1,9,8,18,7,10,8,10,3,9,3,4,4,0,3,4,11,6
34.06_-118.27,34.06,-118.27,0,0,0,1,0,0,0,0,0,0,0,0,0,0,0,0,1,1,0,0,0,0,0,0,0,0,0,0,0,3,1,0,0,0,0,0,0,0,0,1,1,0,0,1,0,0,0,0,0,0,0,1,0,0,0,0,0,1,0,0,0,0,0,0,0,0,5,0,0,5,1,0,0,0,0,1,0,2,0,0,0,0,0,1,0
34.06_-118.28,34.06,-118.28,0,0,1,0,0,0,0,0,1,0,0,0,0,0,0,2,0,0,0,0,0,2,0,0,0,0,0,0,0,0,0,0,0,0,0,0,0,0,0,2,0,0,0,0,0,1,0,1,0,0,0,0,0,0,0,0,0,0,0,0,0,0,0,0,1,2,15,0,2,1,0,0,0,0,0,0,0,0,0,0,0,5,1,4,0
34.06_-118.29,34.06,-118.29,0,0,0,0,0,0,0,0,0,0,1,0,0,0,0,0,0,2,0,0,0,0,0,0,1,0,0,0,0,0,0,0,0,0,0,0,0,0,0,0,0,0,0,1,0,0,0,0,0,1,0,0,0,0,1,0,0,0,0,0,0,0,1,0,0,0,0,0,0,0,0,0,0,0,2,0,0,2,0,1,0,2,0,0,0
34.06_-118.31,34.06,-118.31,0,0,0,0,0,0,0,0,0,0,0,0,2,0,0,0,1,0,0,0,0,0,6,0,0,0,0,1,0,0,0,0,0,2,0,0,0,0,0,0,0,0,0,0,0,0,0,0,0,0,0,0,0,0,0,0,0,0,0,0,0,0,0,0,0,1,0,0,0,0,0,0,2,0,0,0,0,0,0,4,0,0,0,0,0
34.06_-118.35,34.06,-118.35,0,0,0,0,0,0,0,0,0,0,0,0,0,0,0,0,0,0,0,0,0,0,0,0,0,0,0,0,0,0,0,0,0,0,0,0,0,0,0,0,0,0,0,0,0,0,0,0,0,0,0,0,0,0,0,0,0,0,0,0,0,0,0,4,0,1,2,0,0,0,0,0,5,0,0,0,1,0,0,2,0,0,0,0,0
34.06_-118.44,34.06,-118.44,0,0,0,0,0,0,0,0,0,0,0,0,0,0,0,0,0,0,0,0,0,0,0,0,0,0,1,0,0,0,0,0,0,0,0,0,0,0,0,0,0,0,0,0,0,0,0,0,0,0,0,0,0,0,0,2,0,0,0,2,0,0,1,4,0,2,0,0,1,0,0,0,1,5,1,0,0,0,1,0,0,0,0,0,0
34.06_-118.45,34.06,-118.45,5,13,29,23,12,22,25,14,21,15,11,18,19,14,16,17,9,7,7,16,13,15,11,9,15,16,15,13,16,6,11,10,19,6,14,7,11,11,14,11,9,15,14,44,18,30,34,30,21,7,23,18,5,4,3,5,20,23,11,18,9,16,16,12,12,19,20,23,8,36,23,12,12,16,4,24,14,12,10,8,15,14,19,7,5
34.06_-118.46,34.06,-118.46,0,0,2,0,2,1,5,2,5,6,2,1,4,4,6,6,3,0,3,1,2,2,2,5,3,5,1,4,6,0,1,4,4,6,1,2,2,4,2,3,2,2,1,0,1,0,0,1,1,4,0,1,0,0,0,7,6,13,6,3,1,3,3,7,1,1,3,6,8,5,8,7,11,9,3,7,7,9,7,6,13,12,4,1,8
34.07_-118.16,34.07,-118.16,0,0,1,1,2,1,1,0,0,0,0,0,1,1,0,0,0,1,0,0,0,0,0,0,0,0,3,0,2,0,1,2,1,0,0,0,0,0,1,1,0,0,1,2,0,0,2,0,4,0,1,0,0,0,1,0,1,1,3,4,2,1,0,1,1,2,1,1,0,0,1,0,0,0,3,0,1,0,0,3,4,0,2,1,0
34.07_-118.21,34.07,-118.21,0,1,0,0,0,0,0,0,1,0,0,0,1,0,0,0,0,1,0,0,0,0,0,0,0,0,0,0,0,0,0,0,0,0,0,0,0,0,0,0,0,0,0,0,1,0,0,0,0,0,0,0,0,0,0,2,0,0,0,0,0,0,0,0,0,0,9,3,0,0,3,6,1,0,0,0,2,0,0,0,0,0,2,0,0
34.07_-118.22,34.07,-118.22,6,15,14,12,16,18,8,17,11,10,2,7,14,16,12,9,9,6,7,10,8,10,15,9,13,14,6,15,19,9,12,8,7,9,7,10,6,8,10,6,9,7,27,30,8,25,33,31,20,18,5,22,3,4,18,14,28,28,18,28,6,5,9,13,12,9,15,17,10,19,8,13,17,8,16,8,17,15,14,12,11,14,15,7,11
34.07_-118.23,34.07,-118.23,0,1,8,2,0,3,1,3,1,0,2,1,1,2,2,1,5,3,4,1,2,0,1,0,5,1,3,1,6,1,7,10,1,5,4,2,0,0,3,0,5,3,2,4,3,6,3,2,4,6,0,7,1,1,2,2,7,7,6,4,4,3,5,3,4,7,7,3,2,4,4,6,3,10,9,9,8,10,5,3,2,7,5,6,7
34.07_-118.24,34.07,-118.24,4,11,6,7,14,17,12,12,8,8,9,9,11,6,5,5,11,11,6,2,10,6,5,5,10,11,6,10,9,11,7,8,8,3,11,6,5,5,8,8,10,5,15,19,13,26,26,14,16,12,7,11,3,5,9,12,24,21,19,21,13,12,9,14,13,15,18,9,13,19,18,10,19,19,17,13,21,13,10,4,9,15,21,10,9
34.07_-118.25,34.07,-118.25,0,2,3,0,1,0,1,4,2,0,0,1,0,0,0,0,3,0,0,0,0,0,0,0,2,0,0,2,3,1,1,1,0,1,0,0,1,2,0,0,4,1,2,2,1,2,3,3,2,0,1,0,0,0,4,2,5,2,10,4,1,4,1,2,1,6,2,3,3,4,3,1,1,6,8,1,4,1,3,1,3,8,4,1,0
34.07_-118.26,34.07,-118.26,4,13,11,12,15,24,12,21,21,17,5,9,12,8,9,14,17,10,6,8,6,7,4,12,12,3,9,12,12,5,11,10,6,4,6,11,10,9,12,5,7,11,22,31,10,11,22,20,18,5,13,12,4,9,15,27,21,19,23,7,10,17,6,10,22,8,8,12,15,9,8,12,12,11,11,15,13,11,8,7,9,14,18,10,5
34.07_-118.27,34.07,-118.27,1,3,10,19,10,6,13,12,17,9,4,12,9,11,5,3,6,6,8,8,4,6,9,3,13,3,5,15,11,7,6,5,5,4,6,3,2,10,5,4,12,13,13,33,19,18,16,6,15,5,11,14,6,5,4,11,14,17,23,18,6,8,3,13,20,12,13,14,3,10,3,8,4,7,25,10,11,10,2,7,4,8,10,5,6
34.07_-118.28,34.07,-118.28,0,1,0,1,0,0,2,0,0,1,0,0,0,0,0,0,0,0,0,0,0,0,4,0,0,0,0,0,0,0,0,0,0,0,0,0,1,0,0,1,0,0,0,1,0,1,0,1,0,0,0,0,0,0,0,0,0,0,2,0,0,0,0,0,0,1,0,0,0,0,0,0,0,3,4,3,0,3,0,0,0,1,0,2,0
34.07_-118.29,34.07,-118.29,0,1,0,0,0,0,1,0,1,1,1,0,1,0,0,0,0,0,1,0,0,0,0,1,0,1,0,0,0,0,0,0,0,0,0,1,0,0,0,1,0,0,1,0,0,0,0,0,0,0,0,0,0,0,0,0,0,0,0,0,1,0,1,0,0,0,1,0,5,0,0,0,0,2,0,0,0,1,0,0,0,0,0,0,1
34.07_-118.34,34.07,-118.34,0,1,0,0,0,0,0,0,0,0,0,0,0,0,0,0,0,1,0,0,0,1,0,2,0,0,0,0,0,0,0,0,0,0,0,0,0,0,0,0,0,0,0,0,0,0,0,0,0,0,1,0,0,0,0,0,0,0,0,0,0,0,0,0,0,0,0,0,0,0,0,0,0,11,0,0,0,0,0,0,0,0,0,0,0
34.07_-118.35,34.07,-118.35,0,0,0,0,0,0,0,1,0,0,0,0,0,0,0,0,0,0,0,0,0,0,0,0,0,0,0,0,0,0,0,0,1,0,0,0,0,0,0,0,0,0,0,0,0,0,0,0,0,0,0,0,0,0,0,0,0,0,0,0,0,0,0,0,0,0,0,0,0,0,0,0,0,25,2,0,0,0,0,0,0,0,0,0,0
34.07_-118.36,34.07,-118.36,0,0,0,0,0,0,0,0,0,0,0,0,0,0,0,0,0,0,0,0,0,0,0,0,0,0,0,0,0,0,0,0,0,0,0,0,0,0,0,0,0,0,0,0,0,0,0,0,0,0,0,0,0,0,0,0,0,0,0,0,1,1,0,0,1,0,1,0,0,0,0,0,0,0,9,0,1,0,0,0,0,0,0,1,0
34.07_-118.46,34.07,-118.46,1,2,0,0,0,1,0,0,5,2,4,1,7,2,4,2,4,3,2,2,5,3,3,4,2,3,2,5,4,2,0,3,0,2,2,2,1,1,0,1,1,2,1,1,1,2,1,1,4,2,2,10,0,0,1,2,6,7,7,2,2,2,1,2,5,1,1,7,7,3,9,6,2,11,3,7,5,3,8,6,6,8,2,1,2
34.07_-118.47,34.07,-118.47,5,13,12,5,10,14,16,11,11,12,14,11,4,14,3,6,7,12,7,7,12,14,9,10,7,5,9,12,11,6,5,11,8,7,10,8,8,8,8,7,8,10,23,29,15,15,16,25,27,10,10,15,5,3,4,1,9,9,9,6,5,6,3,7,4,11,3,6,6,4,11,18,7,11,9,8,4,10,5,4,10,8,4,7,4
34.08_-118.16,34.08,-118.16,0,0,0,0,0,0,0,0,0,0,0,0,0,0,0,0,0,0,0,0,0,0,0,0,0,0,0,2,2,1,1,1,0,0,0,2,2,0,0,1,1,1,5,3,2,0,1,2,0,1,2,3,0,0,0,1,0,0,0,1,1,1,1,0,0,0,0,0,1,1,1,0,0,0,0,0,1,0,0,0,0,0,0,0,0
34.08_-118.22,34.08,-118.22,5,14,10,16,9,11,20,11,13,18,11,22,21,10,10,17,8,12,10,13,14,14,15,16,32,28,26,19,13,13,22,14,16,18,31,7,12,14,22,13,8,3,21,12,23,15,17,17,22,26,5,10,4,6,11,10,25,23,32,21,13,12,8,18,14,9,8,62,21,15,17,14,14,14,17,12,29,9,15,9,13,32,28,15,19
34.08_-118.23,34.08,-118.23,8,11,11,10,10,8,12,20,15,19,20,17,20,9,7,17,8,11,10,18,17,10,11,9,18,24,26,8,10,17,13,14,13,10,20,18,10,17,9,3,15,9,18,37,30,37,32,18,39,28,20,15,4,3,6,21,28,24,18,29,7,11,18,12,14,17,17,23,14,22,18,17,14,32,20,18,25,20,9,14,8,16,17,16,25
34.08_-118.26,34.08,-118.26,0,1,0,0,1,1,0,0,0,0,0,1,0,0,0,0,0,0,0,0,0,1,0,1,0,0,0,0,0,0,1,0,0,0,0,0,0,0,0,0,0,0,0,0,0,0,2,0,1,0,0,0,0,0,1,0,2,3,0,0,1,0,0,0,2,1,0,2,2,2,2,3,4,0,0,0,0,2,1,0,0,1,0,0,0
34.08_-118.27,34.08,-118.27,1,3,1,3,4,6,4,3,0,6,0,2,0,4,0,2,1,2,2,3,2,1,2,2,1,0,4,3,4,1,3,0,3,0,2,3,1,3,3,1,2,4,3,5,1,5,6,0,1,4,1,1,1,1,2,6,4,6,2,6,3,2,0,2,5,2,1,1,2,1,31,1,11,1,4,0,2,3,2,3,3,0,2,1,2
34.08_-118.28,34.08,-118.28,2,5,7,4,10,7,9,14,11,6,4,5,7,9,7,4,7,2,8,2,6,6,6,4,10,5,9,6,15,5,11,5,3,5,8,5,0,3,6,4,8,4,12,17,6,10,12,9,8,9,14,5,1,2,5,11,15,6,11,11,7,9,7,5,10,4,5,4,5,10,4,8,5,27,13,2,4,7,6,5,8,8,21,18,5
34.08_-118.29,34.08,-118.29,4,8,10,22,16,14,11,10,21,7,5,11,14,8,9,7,7,8,9,8,12,10,5,9,14,5,5,8,15,8,3,9,8,4,14,4,6,11,6,8,7,9,16,15,15,15,18,17,15,8,11,27,8,4,9,14,28,23,28,14,12,10,13,18,12,6,14,18,10,13,4,16,12,16,16,9,8,10,6,8,13,11,10,9,7
34.08_-118.3,34.08,-118.3,3,10,3,4,9,13,6,10,12,4,6,7,1,7,4,6,5,2,3,4,10,2,9,1,7,10,7,6,5,9,7,10,4,4,2,3,2,5,4,4,3,4,10,9,8,10,13,19,10,2,7,10,2,4,5,7,13,13,15,24,7,20,8,35,32,7,20,19,16,6,9,39,8,33,16,14,14,19,9,5,12,9,16,12,7
34.08_-118.31,34.08,-118.31,0,0,0,0,1,0,0,0,0,0,0,0,0,0,0,0,0,0,1,2,0,0,1,0,0,0,1,0,0,0,0,0,0,0,0,0,0,1,0,0,0,0,0,0,0,0,1,1,0,0,0,1,0,0,0,0,0,0,2,0,2,1,2,7,17,6,1,5,6,0,1,60,0,17,3,7,0,0,0,0,0,1,0,2,1
34.08_-118.33,34.08,-118.33,0,0,0,0,0,0,1,0,0,0,0,0,0,0,0,0,0,0,0,0,0,0,0,0,0,0,0,0,0,1,0,0,0,0,0,0,0,0,0,0,0,0,0,0,0,0,0,0,0,0,0,0,0,0,0,0,0,0,0,0,0,0,0,0,0,0,0,0,0,0,0,0,13,0,0,0,2,0,0,0,0,0,0,0,0
34.08_-118.36,34.08,-118.36,0,0,1,0,0,0,0,0,0,0,0,0,0,0,0,0,0,0,0,0,0,0,0,0,1,0,0,0,1,0,0,0,0,0,0,0,2,0,0,0,0,0,0,0,0,1,1,0,0,0,0,0,0,0,0,0,0,0,0,0,0,0,0,0,0,0,13,0,0,1,12,0,0,0,0,0,0,0,0,0,0,0,2,0,0
34.08_-118.47,34.08,-118.47,1,3,8,10,4,3,4,7,7,3,4,3,16,4,3,8,2,7,4,1,6,12,13,6,3,5,5,7,6,2,2,7,2,4,6,1,4,6,5,8,3,2,10,7,7,8,2,8,7,4,1,7,0,2,3,6,17,15,8,8,8,8,3,9,3,10,10,9,12,7,11,31,22,22,17,11,10,16,6,12,17,13,8,15,7
34.09_-118.21,34.09,-118.21,1,3,3,3,8,4,5,4,5,5,15,15,8,3,5,4,4,7,6,4,5,5,10,5,11,7,5,12,7,0,7,7,10,7,9,4,5,3,6,7,5,11,16,17,8,21,20,9,16,17,7,16,4,6,4,10,10,3,16,10,7,8,2,12,14,5,7,15,7,10,2,7,11,7,4,6,8,5,11,0,11,10,17,11,8
34.09_-118.22,34.09,-118.22,3,1,0,1,2,4,2,0,4,3,1,3,1,3,1,3,0,3,2,2,0,2,1,3,0,2,3,1,1,1,1,3,2,2,4,4,2,1,2,0,2,1,2,1,7,9,2,4,12,11,1,3,0,0,1,0,7,3,5,0,0,2,1,0,1,0,0,6,1,9,1,3,10,4,4,3,2,1,3,0,3,3,6,3,3
34.09_-118.23,34.09,-118.23,2,6,2,7,6,3,2,7,2,4,6,5,6,11,2,8,1,4,3,4,3,2,5,2,5,2,7,1,5,4,5,2,4,0,3,2,2,3,3,2,1,3,12,10,6,8,7,6,15,10,1,9,2,2,3,5,9,11,8,4,3,1,1,1,5,1,3,11,1,4,5,12,2,4,2,7,4,4,4,3,1,6,7,6,7
34.09_-118.24,34.09,-118.24,4,4,2,4,5,4,4,6,4,4,3,2,8,4,3,4,3,3,2,3,2,1,3,4,1,4,3,3,7,5,1,1,2,5,4,4,1,6,0,3,4,5,10,11,6,13,12,7,11,8,13,10,1,1,4,2,5,15,8,16,1,2,6,13,3,7,9,8,5,11,3,8,9,8,7,7,7,8,3,4,10,13,6,7,9
34.09_-118.26,34.09,-118.26,0,1,2,0,2,0,1,3,2,0,0,0,4,2,0,6,1,0,1,1,1,0,3,1,1,5,0,0,1,1,0,3,2,1,5,2,2,0,1,4,2,2,1,1,1,5,3,4,9,2,3,0,0,0,0,1,2,3,2,2,7,3,1,2,3,4,1,1,0,2,3,10,3,4,3,6,2,4,0,3,5,1,2,2,5
34.09_-118.3,34.09,-118.3,0,0,0,4,1,0,1,3,1,3,2,1,0,2,0,0,2,1,1,3,3,1,2,1,0,3,2,0,1,1,1,2,2,1,1,3,2,2,0,0,1,5,4,4,2,1,4,2,0,0,4,1,0,0,3,4,6,5,9,3,5,2,8,12,10,1,10,7,7,2,5,12,5,8,7,5,6,10,3,3,9,10,4,3,2
34.09_-118.31,34.09,-118.31,2,13,3,8,6,10,6,13,11,5,3,3,8,7,7,10,8,7,8,3,6,14,9,8,7,13,12,10,6,7,5,4,6,8,5,14,7,5,4,0,3,8,16,19,5,17,12,23,14,7,14,14,4,3,7,5,15,14,13,16,3,5,13,21,13,9,18,18,26,26,11,35,30,17,38,13,28,27,17,5,23,12,25,12,7
34.09_-118.32,34.09,-118.32,0,0,0,0,0,0,0,0,1,0,0,0,0,0,0,0,0,0,0,0,0,0,0,0,0,0,0,0,0,0,0,0,0,0,0,0,0,0,0,0,0,0,0,0,0,0,0,0,0,0,0,0,0,0,0,0,3,0,2,0,0,1,1,5,2,1,2,1,1,2,1,0,2,0,2,2,0,0,1,0,0,0,0,0,0
34.09_-118.33,34.09,-118.33,0,0,0,0,0,0,0,0,0,0,0,0,0,0,0,0,0,0,0,0,0,0,6,1,0,0,0,0,0,0,0,1,0,0,1,0,0,0,0,0,1,1,0,0,0,0,0,0,0,0,0,0,0,0,0,0,0,0,0,0,0,0,0,0,4,0,0,0,0,0,0,0,0,0,0,0,0,0,0,0,1,0,0,0,0
34.09_-118.47,34.09,-118.47,0,0,3,0,1,0,0,2,1,0,0,0,1,1,0,0,0,0,0,0,0,1,0,0,0,0,0,0,0,0,0,0,0,1,0,0,0,0,1,0,1,0,0,0,0,1,0,0,0,1,1,0,0,0,0,0,0,0,0,0,1,0,0,1,0,0,0,0,0,0,0,0,0,0,2,1,0,0,0,0,0,0,0,1,0
34.09_-118.48,34.09,-118.48,1,10,14,8,8,6,7,7,13,9,3,8,8,8,8,12,3,8,8,6,9,6,10,9,5,9,5,4,12,8,6,7,6,5,6,4,6,9,11,5,10,7,37,28,15,27,22,40,12,9,7,6,5,4,8,3,14,15,8,14,3,7,4,7,0,15,7,4,8,10,13,6,1,11,9,13,8,7,9,6,6,7,11,9,12
34.0_-118.14,34.0,-118.14,0,1,6,4,4,1,3,3,2,2,2,3,2,6,0,6,3,3,2,4,3,4,4,1,4,3,8,3,2,4,2,5,4,0,0,1,5,3,0,0,2,3,2,9,6,8,7,11,0,1,5,9,3,1,2,5,1,3,3,6,2,2,2,2,1,3,1,1,3,1,3,2,2,0,4,12,2,0,1,1,0,1,0,0,1
34.0_-118.15,34.0,-118.15,2,12,16,13,8,8,4,8,9,6,7,6,8,7,3,7,8,7,6,7,5,9,2,3,2,9,9,4,6,5,11,11,4,1,4,5,4,5,7,2,6,10,20,14,11,11,20,11,6,4,6,3,1,3,6,6,14,12,6,12,5,13,12,14,7,7,9,7,12,21,8,14,12,12,10,19,7,8,7,10,6,19,6,8,5
34.0_-118.17,34.0,-118.17,0,5,3,9,8,9,7,8,8,9,2,10,6,3,1,8,5,4,4,8,6,4,5,5,3,6,6,12,8,11,6,6,4,1,3,3,1,1,2,2,4,6,13,8,9,13,1,10,14,8,8,11,0,1,3,4,17,7,6,9,4,6,5,4,7,5,3,10,4,9,10,11,3,3,7,9,2,8,10,4,8,5,8,8,1
34.0_-118.18,34.0,-118.18,3,9,11,8,11,17,7,5,9,8,6,5,7,6,7,1,4,7,9,7,3,2,10,5,6,17,5,6,12,9,7,5,5,5,4,4,6,4,5,5,3,7,11,6,2,11,13,16,15,7,2,11,1,5,2,0,10,8,7,9,3,5,5,6,6,1,8,8,5,0,1,10,4,9,11,10,2,12,4,4,11,4,9,4,3
34.0_-118.27,34.0,-118.27,0,0,0,0,0,0,0,0,0,0,0,0,1,0,0,0,0,0,0,0,0,0,0,0,0,1,0,0,1,1,0,0,0,0,0,0,0,0,0,0,0,0,1,0,0,0,0,0,0,0,0,1,0,0,0,0,1,0,0,0,1,2,0,0,0,0,0,0,1,0,0,0,0,0,1,0,0,0,0,1,0,0,1,0,1
34.0_-118.28,34.0,-118.28,4,6,4,14,9,9,15,11,13,15,9,6,18,13,9,16,7,4,8,12,7,9,4,7,8,8,14,14,17,7,8,9,9,2,14,11,13,14,6,9,11,11,20,24,15,31,46,26,18,8,24,35,3,12,8,32,46,30,35,24,8,10,12,14,21,27,23,17,24,24,22,20,10,23,35,13,20,15,12,8,13,18,17,26,10
34.0_-118.29,34.0,-118.29,0,0,1,1,0,2,0,0,0,1,0,0,1,1,1,0,1,1,0,0,0,0,0,0,0,0,0,0,0,0,0,1,0,0,0,0,0,0,0,0,0,1,0,0,0,0,0,0,0,0,0,0,0,0,0,0,14,15,7,0,1,3,6,10,2,13,16,23,17,35,0,19,3,11,39,2,0,0,0,0,4,3,0,0,0
34.0_-118.3,34.0,-118.3,0,0,0,0,0,0,0,0,0,0,0,0,0,0,0,0,0,0,0,2,0,0,0,0,0,1,1,0,0,0,0,1,0,0,0,0,0,2,0,0,0,1,0,1,0,0,0,0,0,0,0,0,0,0,0,0,2,0,0,0,0,2,1,1,0,2,1,0,0,2,0,0,0,0,0,1,0,0,0,0,0,0,2,0,1
34.0_-118.31,34.0,-118.31,0,0,0,1,0,0,0,0,0,0,0,0,0,0,0,1,0,0,1,1,0,0,0,0,0,0,0,0,0,0,0,0,0,0,0,0,0,0,1,0,4,0,0,0,0,0,0,0,0,0,0,0,0,0,4,0,0,0,0,0,0,3,0,0,0,0,0,0,0,0,0,0,0,0,0,0,0,0,0,0,2,0,0,1,0
34.0_-118.33,34.0,-118.33,0,0,0,0,1,1,0,1,0,1,0,0,0,0,0,0,0,0,0,0,0,0,0,0,2,0,0,0,1,0,1,0,0,0,0,0,1,0,1,0,0,1,0,0,0,1,0,0,0,1,0,0,0,0,0,0,1,1,2,0,0,0,0,0,0,0,0,0,0,0,3,2,2,0,1,0,0,2,0,2,0,0,0,0,0
34.0_-118.34,34.0,-118.34,0,0,0,0,0,0,0,0,0,0,0,0,0,0,0,0,0,0,0,0,0,0,0,0,0,0,1,0,0,0,0,0,0,0,0,0,0,0,0,0,0,0,2,1,0,0,0,0,1,0,1,0,0,0,0,0,0,0,0,1,0,0,0,0,0,0,0,0,0,0,2,0,0,1,0,0,1,1,2,1,0,0,2,0,0
34.0_-118.35,34.0,-118.35,0,0,1,1,1,2,0,1,0,1,1,0,0,0,0,0,1,0,0,1,0,0,0,0,0,0,0,0,0,0,0,0,0,0,0,0,0,0,0,0,0,0,2,0,0,1,0,1,0,0,0,0,0,0,1,0,0,0,2,0,0,0,0,0,0,0,0,0,0,0,1,4,0,3,0,3,4,1,1,0,0,1,1,0,0
34.0_-118.36,34.0,-118.36,0,1,4,1,4,3,3,3,1,5,1,4,2,2,2,2,1,3,2,1,1,1,0,0,1,0,4,1,4,3,0,3,1,1,0,3,1,2,2,0,2,1,2,9,3,5,5,0,2,0,1,6,0,0,0,0,2,9,6,6,1,2,0,0,2,0,3,5,10,11,1,1,6,3,8,8,3,4,0,4,0,5,8,1,3
34.0_-118.37,34.0,-118.37,0,1,5,4,7,0,1,7,3,5,3,11,0,5,2,11,4,2,2,3,2,5,4,6,3,7,4,5,2,2,6,7,3,0,5,12,8,0,0,5,2,1,6,6,3,8,3,3,8,2,3,0,1,0,0,1,1,3,4,6,4,0,2,1,4,4,4,8,0,12,2,14,17,4,6,0,9,5,3,2,3,2,4,0,4
34.0_-118.41,34.0,-118.41,0,0,0,0,0,0,0,2,0,0,0,0,1,0,0,0,0,0,0,1,0,0,0,0,0,0,0,0,0,0,0,0,0,0,0,0,0,0,0,2,0,1,1,0,0,1,0,0,0,0,0,0,0,0,0,0,6,1,2,1,0,0,5,4,9,7,5,0,8,0,0,0,2,1,6,0,0,1,2,0,0,0,1,1,0
34.0_-118.43,34.0,-118.43,0,0,1,1,0,0,0,0,2,0,0,0,0,0,0,0,1,0,0,0,1,0,0,0,0,0,0,0,0,0,0,0,0,0,0,0,0,0,0,1,0,0,1,0,2,0,0,0,1,0,0,0,0,0,0,0,0,0,0,0,0,0,0,0,0,0,0,0,1,0,3,0,2,0,0,0,0,0,0,0,0,0,0,0,0
34.11_-118.18,34.11,-118.18,0,5,5,6,5,1,3,8,9,8,25,12,10,1,3,3,3,4,2,3,2,2,9,2,15,4,6,0,4,4,2,4,5,4,28,8,4,0,2,0,0,1,5,2,7,20,11,2,51,16,3,10,4,0,5,3,0,3,16,6,6,9,3,5,0,3,9,5,3,12,3,2,1,7,5,2,4,0,1,1,9,10,15,2,6
34.11_-118.19,34.11,-118.19,0,5,1,0,7,2,3,7,5,7,18,15,2,3,1,0,1,3,0,5,3,1,5,0,11,2,2,2,0,4,4,2,2,4,12,11,5,2,9,2,3,2,8,2,6,16,6,4,24,20,11,9,1,1,1,3,4,6,8,1,0,1,4,3,1,2,4,7,2,3,3,8,4,6,3,3,1,6,4,0,2,5,6,0,4
34.11_-118.24,34.11,-118.24,0,2,0,1,5,2,3,4,5,0,6,3,4,5,0,3,1,3,1,7,7,0,4,4,1,5,1,3,2,4,2,6,6,0,2,2,3,4,2,3,4,2,8,12,6,13,10,9,3,2,4,4,2,1,1,4,13,5,2,10,4,6,5,8,3,6,7,3,6,5,3,7,2,2,2,3,5,4,3,0,11,3,0,0,1
34.11_-118.25,34.11,-118.25,0,7,7,10,5,5,7,13,7,3,5,4,4,16,6,5,3,11,7,6,5,10,5,5,6,2,7,4,12,11,3,5,7,9,7,1,3,6,3,3,4,4,16,16,3,24,9,10,10,2,5,8,1,2,2,9,3,8,9,11,7,7,5,8,5,7,7,3,5,2,5,14,5,6,1,7,3,7,4,1,8,7,4,8,4
34.11_-118.26,34.11,-118.26,2,6,8,6,8,9,4,4,6,7,4,9,7,9,5,6,4,11,3,6,7,1,5,7,5,8,5,4,16,8,13,9,5,7,6,5,3,6,7,4,10,4,8,12,7,9,7,6,12,2,1,15,1,3,3,4,8,15,15,7,3,10,4,5,3,10,11,5,7,5,4,5,19,16,11,10,3,6,11,9,4,6,9,11,7
34.11_-118.27,34.11,-118.27,2,6,3,8,9,4,2,7,7,9,6,4,11,7,3,5,6,6,6,2,8,2,8,4,12,5,3,2,6,5,5,2,3,0,3,6,3,6,4,4,5,4,11,24,2,15,9,8,4,6,3,11,3,7,4,4,4,5,12,8,5,5,1,5,3,8,6,7,8,5,6,9,5,8,9,10,6,9,4,4,3,9,9,6,5
34.11_-118.32,34.11,-118.32,1,1,1,0,0,0,0,0,0,0,0,0,0,0,0,1,1,0,0,0,0,0,0,1,0,0,0,0,0,0,0,0,0,0,0,0,0,2,0,0,0,0,0,0,0,1,0,0,0,0,0,0,0,0,1,0,0,0,0,0,0,2,0,1,0,5,0,0,0,0,0,0,0,0,2,0,0,0,0,0,0,1,0,0,0
34.11_-118.33,34.11,-118.33,3,14,19,18,8,19,20,16,19,15,11,7,13,7,7,15,5,10,12,6,8,9,9,9,12,5,14,10,13,15,9,12,12,5,9,9,11,7,5,7,11,13,31,38,10,29,35,22,14,24,10,13,3,8,8,13,21,13,14,16,4,8,8,9,13,9,7,9,20,16,3,8,12,20,4,14,11,20,13,10,11,22,19,6,7
34.11_-118.34,34.11,-118.34,1,3,5,4,1,3,4,2,2,1,4,4,1,2,2,3,2,1,0,1,2,0,0,5,3,5,2,1,1,1,2,1,5,1,1,1,1,4,6,3,1,1,7,8,3,3,5,5,4,4,1,0,2,2,0,4,4,3,7,5,1,3,0,6,3,5,4,4,4,6,2,3,3,4,2,5,6,3,1,1,0,6,2,2,3
34.11_-118.48,34.11,-118.48,0,0,1,1,1,0,0,0,1,0,0,3,0,1,0,1,1,1,2,0,0,0,0,0,1,0,2,0,2,4,0,0,0,0,0,0,2,4,0,1,0,0,3,5,6,3,3,4,3,0,5,3,1,0,2,5,15,10,4,16,2,5,1,7,6,9,9,8,9,11,13,10,10,9,9,11,6,15,14,5,12,21,10,15,2
34.12_-118.17,34.12,-118.17,0,1,0,1,0,0,1,1,1,2,1,0,0,2,0,0,0,1,0,1,0,0,0,0,2,0,0,0,1,0,1,1,0,0,1,1,0,1,1,1,2,0,3,0,0,1,0,1,1,3,1,1,0,0,1,0,0,3,0,1,1,1,1,0,1,1,1,0,0,3,1,0,0,0,0,0,1,0,0,0,0,0,4,0,2
34.12_-118.23,34.12,-118.23,1,0,4,1,2,1,2,3,2,5,3,2,3,3,1,1,3,0,0,2,3,0,1,6,1,4,3,2,4,0,3,0,3,1,1,2,1,1,2,4,4,1,5,11,5,8,4,4,5,3,7,1,0,1,2,5,5,5,5,3,4,0,1,1,5,5,3,2,7,15,5,5,5,9,4,5,3,1,3,1,5,9,1,2,1
34.12_-118.24,34.12,-118.24,0,1,0,1,2,0,0,0,2,0,0,0,3,3,2,0,1,2,1,0,0,0,1,0,1,1,0,0,0,2,0,3,3,1,0,0,1,1,0,0,0,0,0,0,0,0,0,0,0,0,0,0,0,0,0,6,2,0,2,2,2,1,0,1,4,3,1,2,5,3,0,3,1,3,0,1,0,3,5,0,1,0,0,5,2
34.12_-118.27,34.12,-118.27,4,11,11,15,16,10,10,15,13,15,13,11,14,10,12,9,7,12,6,15,11,9,21,7,18,7,10,15,8,10,13,8,9,4,7,10,11,6,12,9,6,11,8,24,11,13,17,23,29,7,11,11,5,3,3,13,24,25,16,17,3,10,10,7,10,16,9,10,12,12,7,9,15,25,24,18,11,24,20,9,13,10,25,12,7
34.12_-118.34,34.12,-118.34,0,5,5,2,3,0,3,0,5,3,5,2,4,3,3,4,0,2,9,1,3,3,2,5,2,1,7,2,3,1,1,4,3,0,8,7,0,4,4,2,6,3,5,12,5,10,6,9,7,2,3,3,3,1,5,9,12,13,17,14,2,6,1,9,6,8,4,10,18,12,4,10,8,12,2,4,6,5,5,5,7,14,13,8,14
34.12_-118.48,34.12,-118.48,1,14,25,15,13,17,11,13,24,14,6,18,10,12,4,12,15,16,14,19,15,22,13,12,15,21,14,7,20,15,12,10,10,5,6,15,6,17,13,11,8,8,12,13,15,5,7,12,9,3,13,15,7,5,11,4,16,10,14,21,7,14,10,10,4,13,5,16,13,11,9,9,9,16,7,11,5,14,8,6,5,11,6,9,5
34.13_-118.23,34.13,-118.23,0,1,5,0,0,5,4,4,1,2,6,1,3,2,0,1,2,0,2,2,5,4,2,2,3,2,3,1,5,2,3,2,1,0,1,1,3,0,0,1,1,2,1,8,3,3,4,5,4,1,6,3,1,0,0,2,5,1,4,0,1,1,5,0,2,3,1,2,1,6,3,5,0,5,0,0,1,0,0,0,3,5,0,0,1
34.13_-118.27,34.13,-118.27,1,2,3,5,1,5,1,5,5,2,1,2,4,1,2,3,0,3,1,2,0,1,3,2,2,0,2,2,1,3,2,3,2,2,2,1,3,1,2,4,0,0,5,6,3,3,3,7,2,1,4,0,0,1,2,10,14,7,10,6,1,5,3,3,4,4,5,3,1,6,5,6,4,5,6,5,7,7,5,2,4,12,5,4,6
34.13_-118.28,34.13,-118.28,0,1,0,0,0,0,0,0,0,0,0,0,0,0,0,0,0,0,0,0,0,0,0,0,0,0,0,0,0,0,0,0,0,0,0,0,0,0,0,0,0,0,0,0,0,0,0,0,0,0,0,0,0,0,2,0,1,0,1,1,1,0,2,0,0,0,2,3,1,3,1,3,1,3,2,4,5,5,4,0,2,1,1,3,2
34.13_-118.34,34.13,-118.34,0,0,0,1,0,0,0,0,0,0,0,0,0,0,0,0,0,0,0,0,0,0,0,0,0,0,0,0,0,0,0,1,0,0,0,0,0,0,0,0,0,0,0,1,0,0,0,0,0,0,0,1,0,0,2,0,2,4,2,5,1,0,0,0,2,0,0,1,1,2,0,0,1,0,2,0,0,0,0,1,2,2,3,2,3
34.13_-118.35,34.13,-118.35,4,8,6,11,12,18,16,13,16,15,17,15,12,14,7,11,13,5,10,12,5,12,11,9,16,8,6,9,9,9,4,7,3,8,18,4,10,12,10,1,6,18,20,19,13,26,17,31,29,16,30,9,6,2,13,12,12,14,10,19,9,11,5,8,12,12,7,12,15,14,5,9,7,18,4,6,3,16,7,6,6,10,9,0,5
34.13_-118.36,34.13,-118.36,1,0,0,1,1,0,1,0,0,2,3,0,0,1,0,2,1,1,1,2,2,0,1,0,1,1,0,1,0,1,0,1,0,0,0,0,1,1,0,0,0,0,1,1,1,1,1,2,1,0,0,0,0,0,0,2,3,3,2,7,3,2,1,2,1,0,0,1,1,2,2,1,3,3,0,3,1,5,4,1,5,3,2,1,1
34.13_-118.48,34.13,-118.48,0,0,5,5,4,2,4,5,6,2,5,9,1,4,4,3,3,3,0,1,5,0,2,2,3,6,3,2,8,0,3,5,3,4,1,2,1,1,7,0,0,4,7,4,1,2,1,6,1,0,1,0,2,0,9,0,0,0,1,3,0,0,0,0,1,6,3,2,1,2,3,2,2,3,2,2,1,2,3,0,1,4,0,1,2
34.14_-118.18,34.14,-118.18,0,0,1,0,0,0,0,0,0,0,0,0,0,0,0,0,0,1,0,1,0,0,0,0,1,0,0,0,0,0,0,0,0,0,0,0,0,0,0,0,1,0,0,1,0,1,0,0,0,0,2,0,0,0,0,1,0,1,2,1,1,0,1,0,0,0,1,0,0,1,2,0,2,3,0,2,0,0,1,0,0,0,0,0,1
34.14_-118.19,34.14,-118.19,3,2,3,1,2,2,6,3,5,3,3,7,6,0,2,4,3,1,2,4,2,3,5,3,4,4,2,0,3,3,2,0,2,0,4,4,1,3,5,2,0,3,4,5,2,14,2,10,9,8,9,3,0,2,2,5,4,5,5,10,1,5,2,2,2,5,2,1,2,1,2,2,2,0,1,2,2,3,4,1,0,0,3,6,2
34.14_-118.21,34.14,-118.21,0,0,1,0,1,0,0,0,1,0,0,0,0,0,0,0,0,0,0,0,0,0,0,1,0,0,0,0,1,0,0,0,1,0,0,0,0,1,0,0,0,0,3,2,1,0,0,0,3,0,0,0,0,0,0,0,0,0,1,0,0,0,0,0,0,0,0,0,2,2,0,0,1,0,0,3,0,0,0,0,0,0,0,0,0
34.14_-118.22,34.14,-118.22,0,0,0,0,1,0,0,0,1,1,0,0,0,0,0,0,4,0,0,0,0,0,0,0,0,0,0,0,0,0,0,0,0,1,1,0,0,0,1,0,0,0,2,2,1,0,1,2,4,3,1,0,0,0,0,1,1,0,0,0,0,0,0,0,0,1,0,0,0,2,0,0,3,0,0,4,0,3,0,0,0,3,0,0,1
34.14_-118.23,34.14,-118.23,0,0,5,1,3,2,1,2,1,6,6,7,1,2,1,3,1,5,4,1,2,0,4,2,8,2,7,1,1,4,2,0,2,3,5,0,5,2,2,1,0,3,3,13,6,7,0,5,5,8,7,2,0,2,6,3,5,5,7,6,5,2,0,0,0,0,4,4,0,5,3,5,3,3,1,1,5,3,5,1,10,8,9,5,6
34.14_-118.27,34.14,-118.27,0,0,0,0,0,0,0,1,0,1,1,1,0,0,0,0,0,0,0,0,0,0,1,0,0,1,0,1,1,0,0,0,0,0,0,0,2,1,1,1,1,0,1,1,0,0,1,2,1,1,0,0,0,0,1,2,0,3,0,2,2,1,0,1,2,0,1,0,1,0,1,0,4,0,2,0,0,2,0,2,9,1,0,1,0
34.14_-118.28,34.14,-118.28,4,7,10,8,14,14,8,12,12,16,18,3,11,14,14,7,7,8,10,3,11,6,9,6,8,7,9,16,4,17,12,4,4,7,9,6,10,10,7,4,2,6,13,13,6,29,18,12,22,9,6,5,2,3,2,2,15,10,14,13,2,13,10,7,12,12,11,11,13,12,11,23,14,9,10,13,18,19,13,4,19,18,14,13,6
34.14_-118.36,34.14,-118.36,0,2,0,4,2,8,7,2,1,3,4,0,1,3,2,1,1,3,3,3,4,1,3,0,3,1,1,2,2,3,1,3,2,0,3,1,3,1,2,1,0,1,7,10,3,12,7,3,2,3,1,2,1,0,4,2,1,12,7,1,1,2,1,3,2,3,1,0,0,3,2,0,0,6,1,1,1,3,1,2,1,1,5,1,3
34.15_-118.19,34.15,-118.19,0,0,0,0,0,0,0,0,0,0,1,0,0,0,0,0,0,0,0,0,0,0,0,0,1,0,0,0,0,0,0,0,0,0,0,0,1,0,0,0,0,0,0,1,0,0,0,0,0,1,0,0,0,0,0,0,0,0,1,0,0,0,0,0,0,0,0,0,3,0,0,0,1,1,0,0,1,0,0,0,1,0,4,1,0
34.15_-118.21,34.15,-118.21,0,0,0,0,0,0,0,0,0,0,0,0,0,0,0,0,0,0,0,0,0,0,0,0,0,0,0,0,0,0,0,0,0,0,0,0,0,0,0,0,0,0,0,0,0,0,0,0,0,0,0,0,0,0,0,0,4,0,2,2,1,1,0,0,0,1,0,0,1,1,0,1,3,2,1,0,0,2,4,0,1,4,2,1,5
34.15_-118.22,34.15,-118.22,1,0,1,3,2,4,1,6,2,2,1,1,2,1,0,3,1,0,2,0,3,1,3,2,1,1,1,2,1,1,2,2,2,5,3,1,0,1,3,0,1,2,1,4,0,3,3,0,0,5,0,0,0,0,0,0,3,2,4,0,1,1,1,3,2,1,4,3,0,5,2,1,4,1,0,4,1,2,3,0,2,6,2,2,5
34.15_-118.23,34.15,-118.23,0,5,2,3,2,7,5,5,8,3,12,10,4,2,3,2,7,6,4,6,2,4,4,4,7,5,9,4,6,2,1,3,6,0,5,5,2,2,5,3,2,2,6,15,7,12,7,5,10,12,2,2,1,3,7,3,5,8,4,8,8,4,2,2,1,3,8,5,3,7,3,0,5,4,3,2,3,3,1,0,6,4,8,2,5
34.15_-118.28,34.15,-118.28,7,26,15,24,23,23,29,26,25,22,28,21,11,19,12,18,9,11,11,13,16,12,8,12,16,15,6,13,17,16,15,8,9,4,9,8,17,12,10,11,2,13,27,42,26,39,21,18,41,19,15,14,3,3,4,12,37,28,14,20,13,17,16,17,12,23,10,9,21,27,10,23,23,35,18,28,19,26,19,15,34,43,25,18,27
34.15_-118.29,34.15,-118.29,2,16,7,7,9,6,1,5,2,5,5,4,5,7,5,7,6,4,7,8,6,0,10,10,8,5,6,6,10,9,5,3,3,2,3,4,4,3,3,7,3,4,11,12,5,10,14,6,13,2,3,9,0,0,3,1,17,8,10,2,7,2,10,6,5,8,12,15,1,7,7,3,4,8,13,12,5,12,7,6,15,9,7,5,4
34.15_-118.31,34.15,-118.31,1,5,1,0,2,0,2,5,3,3,0,3,3,4,4,1,1,4,7,0,2,6,0,1,0,1,3,3,0,3,1,1,3,3,3,1,7,2,0,1,1,2,12,22,5,10,10,9,2,0,3,4,0,0,4,7,15,15,6,6,1,2,1,6,0,4,2,2,1,2,2,2,4,10,5,8,6,4,3,5,0,5,7,7,0
34.15_-118.32,34.15,-118.32,0,0,0,0,0,0,0,0,0,0,1,0,0,0,0,0,0,0,0,0,0,0,2,0,0,0,0,0,0,0,0,0,0,0,0,0,0,0,0,0,0,0,0,0,1,1,0,0,1,2,0,0,0,0,0,0,3,1,0,0,3,1,0,2,3,1,1,1,1,1,3,1,0,1,1,1,2,2,2,1,2,2,2,1,0
34.16_-118.29,34.16,-118.29,1,5,6,11,7,6,9,4,10,12,7,4,5,5,2,8,4,6,7,8,4,3,6,4,8,5,3,5,4,5,6,2,2,2,4,3,6,2,4,5,6,3,13,13,4,16,9,9,10,3,0,10,1,1,2,5,7,6,9,5,2,3,0,7,2,6,1,9,3,7,2,0,2,5,6,5,3,4,2,0,12,5,1,5,6
34.16_-118.3,34.16,-118.3,0,2,2,1,5,1,2,2,3,0,3,3,2,3,0,0,1,3,1,1,1,2,5,1,2,2,1,1,2,3,1,1,1,1,2,0,4,2,2,1,4,3,0,1,0,0,1,0,0,0,1,4,0,0,0,1,1,1,4,5,3,29,7,6,2,2,1,5,7,3,8,7,1,9,3,9,2,5,5,3,2,6,3,3,8
34.16_-118.31,34.16,-118.31,3,6,5,4,13,13,10,5,10,8,8,9,7,13,7,6,12,11,10,6,12,6,5,6,8,15,8,6,8,4,7,1,10,1,0,0,2,4,2,7,6,5,13,16,10,11,9,15,4,2,12,9,1,3,6,4,7,9,6,7,7,6,5,5,6,2,1,15,0,6,6,3,5,5,4,7,4,4,3,3,4,10,0,1,3
34.1_-118.19,34.1,-118.19,1,3,0,2,4,4,0,7,1,8,10,6,0,2,1,2,2,2,0,0,2,0,3,1,6,3,0,1,0,2,2,2,1,2,4,4,0,2,0,1,1,0,2,3,1,11,1,1,17,11,0,6,0,0,2,4,7,7,20,8,9,0,4,0,5,4,6,9,5,11,3,6,3,4,5,1,1,3,2,0,3,9,7,6,1
34.1_-118.2,34.1,-118.2,1,4,4,2,4,2,7,8,7,4,9,8,2,3,6,1,7,3,5,4,4,2,6,4,6,2,3,7,5,2,2,5,3,5,4,7,2,0,2,3,4,6,9,12,3,11,12,5,18,10,8,4,1,4,3,3,6,5,10,3,8,0,3,6,5,4,4,4,5,18,2,6,6,3,8,2,3,3,5,3,5,7,14,4,10
34.1_-118.21,34.1,-118.21,0,0,0,0,1,0,0,0,0,0,0,1,0,0,0,0,0,1,0,0,0,0,0,1,0,0,0,0,0,0,0,1,0,0,0,0,0,0,0,0,0,0,0,0,0,1,0,0,0,0,0,0,0,0,0,0,0,0,0,0,0,0,0,0,0,0,1,0,1,5,0,1,1,0,4,0,0,0,0,0,2,2,0,0,1
34.1_-118.24,34.1,-118.24,5,10,16,12,11,15,10,14,15,7,17,13,14,11,4,12,14,7,10,16,11,6,6,14,12,12,14,9,18,8,5,8,6,2,7,5,7,6,5,6,10,8,26,32,17,25,21,22,1,1,3,13,1,5,3,3,4,7,7,5,7,6,6,2,8,5,4,5,3,1,3,1,9,7,4,4,8,2,3,1,0,1,1,3,4
34.1_-118.25,34.1,-118.25,5,6,4,2,7,8,5,12,12,6,7,10,9,10,3,6,2,12,8,5,7,14,4,4,15,7,11,10,12,7,11,7,6,6,13,5,11,6,4,6,8,8,21,21,6,20,6,13,13,9,1,14,1,2,14,10,19,11,17,16,5,14,13,18,8,15,18,8,8,10,17,12,5,19,11,14,13,17,14,1,7,19,6,8,10
34.1_-118.31,34.1,-118.31,4,5,10,9,7,9,8,8,7,2,9,2,4,7,9,7,3,4,1,2,5,2,11,4,5,8,6,7,6,7,6,6,4,3,1,3,2,4,7,2,2,4,11,16,3,14,11,7,8,12,7,11,2,2,2,17,15,10,7,15,4,3,6,8,8,7,4,5,12,8,0,4,6,8,12,7,15,19,13,4,7,12,6,3,4
34.1_-118.32,34.1,-118.32,2,12,10,8,12,12,7,10,10,13,5,6,7,12,10,6,1,5,7,1,6,4,4,6,7,3,4,4,7,4,5,3,4,3,4,5,6,2,9,6,6,4,19,20,7,16,10,16,12,5,6,2,1,2,2,11,11,19,19,14,13,5,11,16,11,9,4,16,10,12,3,6,15,15,7,11,20,20,21,15,21,38,20,17,7
34.1_-118.33,34.1,-118.33,0,0,0,1,0,2,0,0,0,1,0,0,2,1,1,2,0,0,0,1,1,1,0,1,0,1,0,0,2,0,0,0,0,0,1,1,2,0,1,0,0,2,0,0,1,0,1,1,0,0,1,0,0,0,0,0,0,0,0,3,1,2,0,0,0,0,3,4,1,0,0,0,1,0,1,0,0,3,0,2,3,4,0,0,1
34.1_-118.34,34.1,-118.34,1,0,0,0,0,1,0,1,0,0,0,0,0,0,0,0,1,0,0,0,0,0,0,0,0,1,0,0,0,0,0,1,0,0,0,0,0,0,0,0,0,3,0,0,0,0,0,1,0,0,0,0,0,0,0,1,0,0,0,0,1,6,1,0,2,3,0,0,6,0,0,2,0,2,0,0,0,0,0,0,0,2,0,0,0
34.1_-118.48,34.1,-118.48,1,5,11,9,8,3,8,6,7,8,0,5,5,4,2,6,3,4,2,3,3,11,9,8,7,7,4,6,6,5,5,5,1,0,3,2,3,2,4,1,3,2,10,10,0,5,5,6,7,0,5,3,2,2,3,4,11,10,1,10,2,5,4,2,4,8,7,6,6,3,6,8,5,3,9,10,4,15,15,5,7,23,6,14,7
